movieId,name,alias,actors,directors,doubanScore,genres,languages,mins,regions,storyline,tags,year,genres_list
30405087,火口的两人,火口秘情,柄本佑/泷内公美,荒井晴彦,0.0,爱情,日语,0,日本,荒井晴彦第三部导演作品<火口的两人>官方情报解禁。,日本/日本电影/2019/爱情/情色/荒井晴彦/工口/漫画小说真人版,2019,True
30378898,我们的爱情,,戴韩安妮/刘冠男/马卉/陈亮,汪小白,0.0,爱情,汉语普通话,89,中国大陆,已婚男人何慕洋（刘冠男 饰）在意外邂逅女记者任梦（戴韩安妮 饰）后，坠入了爱河。妻子江欣非常伤心，何慕洋在婚姻与情感之间的纠缠也身心俱疲，事业更是遭遇了严重危机。最终任梦选择了离开，何慕洋也重新回归到了家庭。,爱情/唯美/人性/2019/大陆/烂片/剧情/中国大陆,2019,True
30409865,我是官兵你是贼,,张景迪/张浩宇/刘倍玲/梁月军,傅保中 Baozhong Fu,0.0,剧情/喜剧,汉语普通话,72,中国大陆,冯二八为还赌债被迫当贼，偷了一幅“古画”，在卖画过程中误入片场，被好友李五七说服在一部微电影中客串，一个演兵，一个演贼。碰巧联防员到片场检查安全，冯二八“做贼心虚”越演越乱，最终将一部喜剧演成了悲剧。,心灵救赎/剧情/黑色幽默/男主很帅，女主漂亮。/现实主义题材/网络电影/烂片/大陆,2019,True
30411572,史酷比与第13个幽灵的诅咒,,马修·里沃德/凯特·米库奇/格蕾·德丽斯勒/弗兰克·维尔克/莫里斯·拉马奇/苏珊·布卢,,0.0,动画,英语,90,美国,拙劣案件后，神秘公司退出解决犯罪问题。当Vincent Van Ghoul联系该团伙关于Daphne，Shaggy和Scooby过去未完成的调查时，该团伙开始采取行动完成这项工作，该工作涉及从恶魔之胸中逃脱并仍在逃的第13个幽灵。,喜剧/动画/美国/电影/冒险,2019,True
30377785,蜻蜓少年,童心似火,胡凯翔/胡凯浩/李力持/吴晶/陈康/吴丹/彭电平/陈家伟/陈新莲/陈智/樊琵琵/雷茂财/晏俊/于志勇,陈志敏,0.0,剧情/儿童,汉语普通话,93,中国大陆,暑假，十二岁的双胞胎凯文凯武央求母亲给他们买新自行车。他们骑着新自行车带着同村小孩兴奋地在路上飞驰，结果遇上了邻村的康康，后者嘲笑他们虽买了新车，却连放双手骑都不会，丢人现眼。双胞胎受了刺激，为战胜康康，开始勤学苦练，但好静的凯文渐渐力不从心，放弃了练习。凯武刻苦训练并最终取得了胜利。这份对凯武独有的称赞让凯文难堪，他暗下决心也要学会放手骑车，但始终没有学会……,童年/儿童/方言/记忆/江西/兄弟情/回忆/剧情,2019,True
30206282,马耳“她”,马耳他制造,格雷格·奥迪诺/艾妮安娜·卡布罗尔,,0.0,剧情/爱情/冒险,英语,80,澳大利亚 / 马耳他,一位美国导演带着自己第一部长片来到了马耳他，遇见了五年前分手的西班牙女友。还相互爱着对方的两个人一边游览马耳他的美丽风光，一边为着不确定的恋人关系而苦恼……,澳大利亚/马耳他/爱情/M马耳他/2019/电影/剧情/不看,2019,True
30243285,灼人秘密,妮娜,吴可熙/宋芸桦/夏于乔/施名帅/黄尚禾/张立昂/王琄/汤志伟/谢盈萱/郑人硕/李李仁,赵德胤,5.8,剧情,汉语普通话,103,中国台湾 / 德国 / 马来西亚 / 缅甸,赵德胤第5部剧情长片《灼人秘密》获得台湾文化部辅导金新台币1200万元补助，谬思演员吴可熙同时身兼演员与编剧，电影也首次告别缅甸，于2018年11月26日杀青。,台湾/赵德胤/2019/台湾电影/吴可熙/悬疑/戛纳/宋芸桦,2019,True
30262218,法官大人！,,,,0.0,剧情/喜剧/惊悚,爱沙尼亚语 / 芬兰语 / 瑞典语,96,爱沙尼亚 / 俄罗斯,法官（梅特马尔姆斯滕）是一个在法庭上代表严格规则和法律的人。然而，他的个人生活却一团糟。在法官决定对一名妇女判处长期监禁后，该妇女的弟弟（M_rt Avandi）开始跟随法官希望能改变对判决的看法。但是法官保持坚定不移，判决是终局的。两人之间发生了一系列冲突，导致法官本人突然成为罪犯。由于无法承认自己的罪行，法官逃到芬兰，在芬兰，一系列的喜剧曲折将他引向一些奇怪的人和滑稽的场景。然而，他黑暗行为的阴影一直困扰着他。为了抛开他的黑暗罪行并解决他早先的决定，法官回到了家。”《荣誉》是一部充满黑色幽默的公路电影，主演是梅特马尔姆斯滕（Mait Malmsten）（“爱是盲目的”、“拉特拉普”）和M_特阿凡迪（M_特阿凡迪）（“击剑手”、“红色水银”）。这部电影由安德烈斯普图斯马执导和创作（“绿猫”，“18-14”，“红色水银”）。这部电影由利奥制作，由Acme电影公司发行。,黑色幽默/黑白/爱沙尼亚/犯罪/北欧/2019SIFF/愛沙尼亞/待下,2019,True
30204527,黄蜂网络,,安娜·德·阿玛斯/佩内洛普·克鲁兹/亚德里亚·霍纳/埃德加·拉米雷兹/瓦格纳·马拉/盖尔·加西亚·贝纳尔/莱昂纳多·斯巴拉格利亚,奥利维耶·阿萨亚斯,0.0,惊悚,英语 / 西班牙语,123,法国 / 西班牙 / 比利时 / 巴西,影片根据费尔南德·莫莱斯所著《冷战最后一批士兵：古巴五人组的故事》(The Last Soldiers of the Cold War: The Story of the Cuban Five，暂译)改编，书中内容涉及14名古巴间谍最终被美国当局发现并起诉，其中五名古巴人因间谍罪和谋杀罪被判入狱。,奥利维耶·阿萨亚斯/2019/佩内洛普·克鲁兹/惊悚/盖尔·加西亚·贝纳尔/安娜·德·阿玛斯/剧情/美国,2019,True
30241102,行骗天下 剧场版,信用欺诈师JP:香港浪漫篇(港) / 行骗天下 电影版 / 行骗天下JP / コンフィデンスマンJP -ロマンス編-,长泽雅美/东出昌大/小日向文世/竹内结子/三浦春马/江口洋介/小手伸也/织田梨沙/小栗旬,田中亮,8.5,喜剧/悬疑,日语,116,日本,长泽雅美、东出昌大、小日向文世等主演的剧集《行骗天下JP》将被打造为同名电影。剧集围绕三名欺诈师在金融、房地产、艺术、美容等各行业欺诈巨款的故事展开。长泽雅美、东出昌大、小日向文世将回归。,长泽雅美/日本/喜剧/日本电影/長澤まさみ/2019/东出昌大/小日向文世,2019,True
30371824,后街女孩,后街女孩 电影版,白洲迅/柾木玲弥/花泽将人/冈本夏美/松田流花/坂之上茜/大杉涟/菅谷哲也/浅川梨奈/秋山莉奈/高嶋香帆/小泽仁志/樱田通,原桂之介,6.5,剧情,日语,88,日本,Jasmine Gyuh漫画作品《后街女孩(Back Street Girls )》，继先前推出改编动画后，官方宣布改编真人版电影的消息。,日本/喜剧/漫画改编/2019/漫画小说真人版/搞笑/动作/沙雕,2019,True
26756220,外出偷马,,斯特兰·斯卡斯加德/托拜厄斯·桑特尔曼/达妮卡· 库尔西奇/帕尔·斯维尔·哈根/安德斯·巴斯莫·克里斯蒂安森/比约恩·弗洛伯格,汉斯·皮特·莫朗,0.0,剧情,挪威语,122,挪威 / 瑞典 / 丹麦,该片讲述在1999年的冬天，67岁的特罗德发现自己的邻居是他在1948年时认识的一个人，两人的见面勾起了当时的回忆，其中也包括特罗德父亲的失踪。,挪威/2019/柏林电影节/瑞典/丹麦/第69届柏林电影节/剧情/文学作品改编,2019,True
30391297,密林诡影,,陈国良/肖红/吴美佳/蔡思宜/张沅玖,苗述,0.0,动作/悬疑/惊悚,汉语普通话,84,中国大陆,陕西秦岭，传闻秦汉之际秦始皇的公子扶苏曾命绝于此。这一日，干导游工作的唐曾带着女友晨曦和朋友汤小唯回家乡游玩。在长途车上，他们邂逅了自称从事环境保护研究的罗平和麦家琪，热情好客的唐曾答应为他们担任导游。 这次旅程似乎注定充满不安。村中的老人告诫这几个年轻人适逢红煞日，千万不能进入林中，尤其是曾留下可怕传说的将死崮。然而阴差阳错，五个年轻人闯入了将死崮，虽然有惊无险走了出来，可是厄运似乎已悄然拉开帷幕。,烂片/国产/惊悚/盗墓/大陆/2019/悬疑/冒险,2019,True
27087784,恶霸警察,恶质警察,李善均/全素妮/朴海俊/宋永彰/朴秉恩/金敏载/郑家蓝/尹亨国,李桢凡,6.6,剧情/犯罪,韩语,127,韩国,为了躲避穷追不舍的内务探员，腐败的员警勉为其难地和叛逆青少女联手，企图在为时已晚前揭开阴谋。,犯罪/韩国/动作/社会/2019/剧情/小人物/人性,2019,True
27168753,怎么就结婚了,不知怎么就结婚了,金东旭/高圣熙,朴浩赞/朴秀真,4.6,喜剧/爱情,韩语,87,韩国,该片讲述为了获得自由而计划结婚的航空公司老板二代“成硕”(金东旭 饰)和为了寻找自己的人生而选择结婚的前田径队员“海珠”(高圣熙 饰)，为了达成彼此的目的假装结婚而发生的故事。,韩国/韩国电影/喜剧/2019/爱情/金东旭/高胜熙/电影,2019,True
30391741,早熟,狂愛在哈林,,,0.0,剧情/爱情,英语,86,美国,"Set against the backdrop of a changing Harlem landscape, when seventeen year old Ayanna meets handsome and mysterious outsider Isaiah, her entire world is turned upside down on her path towards self-discovery as she travails the rigorous terrain of young love the summer before she leaves for college.",欧美,2019,True
27085589,灰色：幻影扳机,,内田真礼/佐仓绫音/名塚佳织/种崎敦美/南条爱乃/井泽美香子,天冲,6.9,剧情/动画,日语,90,日本,由“国家组织CIRS”新设的特殊技能训练校“美滨学园”……因各种原因失去归所的少女们被交付的是，枪与实弹。使用手枪的玲奈、擅长狙击的桐花、炸弹与信息处理的克莉丝、负责谍报活动的忍者邑沙季。她们每天都以SORD成员的身份，处理警察及自卫队无法解决的事件，不断进行着危险的活动。,日本动画/动画/动漫/日本/2019/二次元/犯罪/游戏,2019,True
30393838,替嫁新娘,总裁别太坏2替嫁娇妻,陆恩馨/胡盛/张冬/林永炬,麦扣陈,0.0,爱情,汉语普通话,82,中国大陆,新郎莫景谦在婚礼上发现新娘安诗慧已经去世，安排了长相无二的胞妹安诗凝替嫁。不负打击的莫景谦在家族压力下被批接纳安诗凝，同时也展开了改造新娘的计划，最终莫景谦被安诗凝坚韧善良的品质所打动，真正爱上了安诗凝。,爱情/恋爱/烂片/情侣/青春/网络大电影/2019/中国,2019,True
30402296,天气之子,,醍醐虎汰朗/森七菜/小栗旬/本田翼/倍赏千惠子/吉柳咲良/平泉成/梶裕贵/木村良平/柴田秀胜/野泽雅子/花泽香菜/佐仓绫音,新海诚,7.6,爱情/动画/奇幻,日语,114,日本,高一那年夏天，帆高（醍醐虎汰朗 配音）離開位在離島的家鄉，獨自一人來到東京，拮据的生活迫使他不得不找份工作，最後來到一間專門出版奇怪超自然刊物的出版社擔任寫手。不久，東京開始下起連日大雨，彷彿暗示著帆高不順遂的未來，在這座繁忙城市裡到處取材的帆高邂逅了與弟弟相依為命，不可思議的美少女陽菜（森七菜 配音）。「等等就會放晴了喔。」陽菜這樣告訴著帆高，不久，頭頂的烏雲逐漸散去，耀眼的陽光灑落街道……原來，陽菜擁有「改變天氣」的奇妙能力……,日本/动漫/动画/青春/治愈/爱情/2019/奇幻,2019,True
30257175,燃烧女子的肖像,年轻女孩的肖像画 / 燃烧的女子肖像 / 火吻女孩的肖像 / 浴火女孩肖像画,诺米·梅兰特/阿黛拉·哈内尔/瓦莱丽亚·戈利诺,瑟琳·席安玛,7.9,剧情/爱情/历史,法语 / 意大利语,120,法国,该片由瑟琳·席安玛(《女孩帮》)导演，瓦莱丽亚·戈利诺、阿黛拉·哈内尔、诺米·梅兰特等主演。讲述一个女画家去贵族家庭为待嫁女孩画像，互生爱慕。,法国/同性/LGBT/2019/戛纳/戛纳电影节/法国电影/戛纳／主竞赛单元,2019,True
26752564,慕伶，一鸣，伟明,,彭杏英/薛立賢/高翰文,黄梓,7.6,剧情,粤语 / 汉语普通话,110,中国大陆,父亲患病生命垂危，母亲被迫扛起家庭重担，儿子却渴望逃脱。努力平静度日的三人，在生活中迷失。,2019/中国/家庭/处女作/黄梓/剧情/粤语/亲情,2019,True
27080656,普罗米亚,普羅米亞的火燄（港）,松山研一/早乙女太一/堺雅人/佐仓绫音/吉野裕行/稻田彻/新谷真弓/小山力也/小清水亚美/楠大典/桧山修之/小西克幸,今石洋之,8.6,剧情/科幻/动画,日语,111,日本,世界大炎日的三十年後，變種人MadB u r n i s h四出縱火，與「高機動消防隊」上演命運之對決，意外掲發獨裁政治家的人類逃亡（滅亡）計劃。今石洋之為《新世紀福音戰士》擔任過原畫，執導的動畫長篇《天元突破》被捧為神作。螢光和粉色系的運用、艷麗的卡通渲染、電腦和手繪風格的撞擊、凌厲分鏡與機械人超炫變身等獨門招數，加上「非常燃」的人物故事對白，今石洋之是動畫界最不一樣煙火的存在。首部長片即能邀來松山研一、堺雅人聲演，不愧為年度最期待的熱血機械人大作。,今石洋之/动画/日本/日本动画/2019/Trigger/剧场版/动漫,2019,True
27074316,一条狗的使命2,再见亦是狗朋友2(港) / 狗狗的旅程(台) / 一条狗的旅程 / 为了与你相遇2,丹尼斯·奎德/凯瑟琳·普雷斯科特/刘宪华/玛格·海根柏格/贝蒂·吉尔平/乔什·加德/艾比·莱德·弗特森/杰克·曼利/达妮埃拉·巴博萨/陈琦烨/杰夫·罗普/吉姆·科比,盖尔·曼库索,6.9,剧情/喜剧/家庭,英语,108,中国大陆 / 印度 / 中国香港 / 美国,小狗贝利延续使命，在主人伊森的嘱托下，通过不断的生命轮回， 执着守护伊森的孙女CJ，将伊森对孙女的爱与陪伴，当做最重要的 使命和意义，最终帮助CJ收获幸福，再次回到主人伊森身边。,治愈/温情/狗狗/感人/狗/爱/人性/2019,2019,True
30230592,萨霍,,施拉达·卡普尔/帕拉巴斯/曼迪拉·贝迪/杰奇·史洛夫/马赫什·曼杰瑞卡/尼尔·尼汀·穆科什/迈克尔·西格尔/缇努·阿南德/普拉卡什·贝尔拉迪/巴拉特·巴蒂,,0.0,动作/惊悚,泰卢固语 / 印地语 / 马拉雅拉姆语 / 泰米尔语,0,印度,"The Story is about a power battle which is taking place in the higher echelons of power unrelated and unconnected episodes occurring in different parts of the globe, Intertwine in an unforeseen manner to a revelation of mind games. The story delves the audience into the game of a brilliant master mind to reveal the true nature of all that are involved. It challenges the perceptions of who is the hunter and who is the hunted. It blends in a thrilling story with commercial elements of story telling to deliver a high octane action entertainer appealing to all segments of the audience.",印度/电影/帕拉巴斯/印度电影/印影/很喜欢/香港/IMAX,2019,True
27079210,篷车之旅,,菲恩·怀特海德/斯特凡·巴克/本·卓别林/莫里兹·布雷多/克劳迪娅·特鲁希略,塞巴斯蒂安·席佩尔,0.0,剧情,英语 / 西班牙语 / 法语 / 德语 / 林加拉语,99,德国 / 法国,剧情讲述一个来自刚果的年轻人William(Stéphane Bak饰)尝试突破欧洲边界，来寻找他的兄弟，偶然遇见了狂野又机灵的Gyllen(怀特海德饰)，后者刚刚开着继父的野营车从家庭摩洛哥之旅中溜了出来。两人开启了一段不可预测、激动人心、不可阻挡、充满混乱与幽默的旅程，只有生活在边缘的青少年才能点燃如此激情之火。,德国/fionnwhitehead/法国/2019/怀特海德/剧情/菲恩/敦刻尔克男主,2019,True
30379828,招摇之涅盘传说,,杨泽/洪司洋/金禹伯/于潼/康爱石,金睿,0.0,爱情/奇幻,汉语普通话,0,中国大陆,《招摇之涅槃传说》主要讲述了鉴心门、南月教、魔修三大门派之间的恩怨纠葛，历经网剧《招摇》中的仙魔大战之后，毁灭天地的大魔修的元神被十大仙门联手打散，百年之后，大魔修密谋重返尘寰。仙魔大战之后逐渐没落的鉴心门与南月教也为重振门楣联姻，共享双方圣物“鉴心决”、“涅槃”。魔修少女玄灵获悉此事，为得到涅槃复活自己的父亲，乔装“喜娘”潜入鉴心门盗宝，结果盗宝未成还破坏了两大门派联姻。期间，玄灵与鉴心门门主柳沧岭竟互生情愫，但仙魔身份的差异，立场的相悖也导致了重重误会。魔修现世，生死关头之际，生命、爱情、大义等多重考验既成功制服魔修拯救了苍生，也成就了一段绝美的仙魔虐恋。,电影,2019,True
30399743,安拉的电话,,拉塞卡·杜加尔,,0.0,剧情,乌尔都语 / 印地语,108,印度,"Hamid’s (8) father has gone missing. His mother Ishrat has turned indifferent towards Hamid and the entire world after the incident. Neglected and lonely, with a heart searching for answers, Hamid star gazes in the hope of meeting his father. The number 786 always bewildered Hamid. One day a teacher tells Hamid that this is God’s number. Using his father’s old mobile phone, after trying different combinations, he ﬁnally manages to connect to a person, who he is convinced is God. On the other side is Abhay, a hard-knuckled CRPF Jawaan. Hamid’s phone call, though surprising at ﬁrst, intrigues Abhay who engages in humouring Hamid. These two, unknowingly and unintentionally, change each other’s world for the better.",印度/儿童/人性/战争/喀什米尔/2019,2019,True
30232256,町田君的世界,,细田佳央太/关水渚/岩田刚典/高畑充希/前田敦子/仲野太贺/池松壮亮/户田惠梨香/佐藤浩市/北村有起哉/松岛菜菜子,石井裕也,6.6,剧情,日语,119,日本,町田君笨實但懷着大愛，對任何人都無條件釋出善意，卻被看待成外星生物。小町田特別關懷憎恨全人類的同級女生豬原，一物治一物，原來這種心跳感覺叫初戀。唐吉訶德式的世紀暖男，証明愛與善可以征服一切，也可以一飛衝天改變惡意瀰漫的叢林法則。前田敦子、池松壯亮、高畑充希、松嶋菜菜子和佐藤浩巿助陣，位位都有亮眼表現，兩名新人主角親和力十足。《東京夜空最深藍》（41屆）後，鬼才石井裕也轉換角度應對空虛，拍出一部無限溫暖的快樂小品，同樣高度治癒。,日本/2019/日本电影/石井裕也/漫画改编/池松壮亮/日影/高畑充希,2019,True
33392798,捕快卜曼,,韩志硕/于果儿/徐鹤尼/张弛,陈泳旭,0.0,喜剧/动作/古装,汉语普通话,0,中国大陆,几十年前，一伙倭寇袭击沿海，被明朝大军拿下，其首领东野吾郎被斩首示众，首级悬挂于城门之上。谁知东野吾郎早有遗书，他安排自己精通汉语的妻子假扮汉人，将两个孩子送了人。,剧情,2019,True
30227842,超级队长,,张赫宣/葛天/张珣/张鼎/何卓恩/刘玉/张熙圣/代儿/黄子耀,刘存明,0.0,剧情/动作/爱情,汉语普通话,70,中国大陆,次疫苗运输，引发两家物流巨头的暗战，三人线下周旋，公路运输连发四次意外，经历五重波折，幕后主谋却另有其人，七天前的谜团与危机，如何在八小时内化解，敬请期待《超级队长》。,烂片/大陆/2019/网络电影/犯罪/垃圾/国产/中国大陆,2019,True
30253641,夜蝶,,孔肖吟/吴哲晗,陈静,0.0,动作/战争,汉语普通话,77,中国大陆,该片讲述了真实身份为飞贼的身材火辣个性机灵的丽都舞女小蝴蝶（SNH48孔肖吟饰）和以归国护士身份作为掩护实则为特工的沈清韵（SNH48吴哲晗饰），两姐妹原是小时候的闺蜜，因种种原因从一开始相互隐瞒身份，而后怀疑对方并发现端倪所引出的一系列故事。,SNH48/动作/谍战/剧情/少女/网络大电影/大陆/电影,2019,True
30254294,单刀直入(美版),单刀直入美版,安东尼·麦凯/弗兰克·格里罗/马西娅·盖伊·哈登/克里斯蒂安·库克/泰柔娜·派丽丝/波利斯·麦戈法/亚当·G·西蒙/丹尼尔·R·希尔/理查德·杜恩/迈克斯·摩尔,乔·林奇,5.6,动作/惊悚,英语,86,美国,“猎鹰”安东尼·麦凯、“交叉骨”弗兰克·格里罗出演美版[单刀直入]，Netflix出品，导演乔·林奇([艾芙莉])。法版[单刀直入]于2010年上映，导演弗雷德·卡瓦耶，主演吉尔·勒卢什，故事讲述男主萨缪尔的妻子遭匪徒绑架，为救出妻子他不得不按绑匪的要求一步步走向险境。新版男主由麦凯饰演。,动作/犯罪/美国/2019/Netflix/翻拍/惊悚/剧情,2019,True
30394824,暴躁家族,,高宏亮/王美茜/邓加乐/董至成/常凯宁/王正佳/辛祚宇/黄健/余俪,文一行,0.0,剧情/喜剧/动作/犯罪,汉语普通话,90,中国大陆,脾气异常火爆的东北一家，在本地有着深厚的江湖背景。由于几十年前的仇敌出狱寻仇，一家四口无奈逃至海岛隐姓埋名，重新生活。东北人火爆的脾气与海岛生活格格不入，带来诸多笑料。却不知一场意想不到的血雨腥风即将来临。,电影/喜剧/家庭/搞笑/黑色幽默/网大/动作/感人,2019,True
30396239,空天战队之星兽大战,,申克/白文显/赵然/李旭乔/泽飞/张页川/周岩/高全胜,汤继业,0.0,动画/冒险,汉语普通话,90,中国大陆,外星球几个机器人小伙伴为了拯救地球，在博士的引导下前往地球，同时和极恶势力、暗影军团一伙展开斗智斗勇的历险故事。,国产动漫/中国/国产卡通动画电影/动画/电影/泰国/大陆动画/大陆,2019,True
30216460,遗失的环节,大冒险家(台) / 缺少环节,休·杰克曼/佐伊·索尔达娜/艾玛·汤普森/扎克·加利凡纳基斯/蒂莫西·奥利芬特/爱丽达·阿察瑞儿/马特·卢卡斯/斯蒂芬·弗雷/大卫·威廉姆斯,克里斯·巴特勒,6.8,动画/冒险,英语,95,美国,莱昂内尔·弗罗斯特爵士(休叔)认为自己是世界上最杰出的神话和怪物调查员，为了获得探险精英的认可，他前往美国西北太平洋地区以证明一种传说中生物Mr. Link(扎克)的存在，这是原始人类和现代人类之间缺失的一环。随后弗罗斯特、Link和探险家Adelina Fortnight(佐伊)踏上了寻找Link远亲的冒险之路。,动画/美国/定格动画/2019/冒险/喜剧/莱卡/莱卡工作室,2019,True
27067910,法兹,法滋,张宁浩/黄丽丽/马宝康,张大磊,6.0,剧情/短片,汉语普通话,18,中国大陆,Fuzz，最早出现的几种效果器中的一种。离《八月》的故事过去了四年，1998年，一个新时代，小雷16岁，开始喜欢上摇滚乐。世纪末，大家纷纷挂上BP机，也有人开上了私家车，千禧年就要来了。（via《电影世界》）,短片/张大磊/2019/大陆/中国大陆/音乐/摇滚/八月番外,2019,True
30336228,Mental Hai Kya,,阿明·阿卜杜勒·奎德/拉吉·库玛/康格娜·拉瑙特,,0.0,剧情/喜剧,印地语 Hindi,107,印度 India,,印度/社会/犯罪/期待也能中国大陆上映消息/悬疑/剧情/HindiCinema/2010s,2019,True
30246884,王者无敌苏乞儿,醉侠苏乞儿,白那日苏/宋佳玲/邓钢,李国华/牛军,0.0,动作,汉语普通话,79,中国大陆,五年前，苏灿全家被杀，苏灿侥幸逃脱，从此隐姓埋名沦为乞丐。五年后，等他带着徒儿再次回到广州之日，广州发生了天翻地覆的变化。烟馆满街，民不聊生，新上任的总督钟懿和广州知府徐友谅面和心不合，父亲曾经的好友赵海已成为当地第一首富，青梅竹马的赵倩也变成了留洋归来的美女。总督上任途中曾遇到刺客，苏乞儿误打误撞卷入其中，遭到广州知府的通缉捉拿。苏乞儿一面应对官府的围追堵截，一面暗中调查杀害全家的凶手，无意间，却发现了洋人的一个惊天秘密。而此时，苏乞儿与赵倩的感情也在日渐复苏。面对家仇、国恨，曾经的青梅竹马，苏乞儿该何去何从？,动作/王者无敌苏乞儿/大陆电影/1080P/[華語]/HD,2019,True
30272804,名侦探柯南：绀青之拳,名侦探柯南：深蓝之拳 / 名侦探柯南2019,高山南/山口胜平/山崎和佳奈/小山力也/绪方贤一/岩居由希子/高木涉/大谷育江/林原惠美/松井菜樱子/桧山修之/石井康嗣/浅川悠/高桥广树/梶裕贵/间宫康弘/林修/河北麻由子/山崎育三郎,永冈智佳,6.4,动画/悬疑,日语,110,日本,“名侦探柯南系列”第23部动画剧场版，票房和口碑也屡破纪录。作为平成年代最后一部柯南电影，首次将案件发生地设立在海外，基德时隔四年后再度回归，与柯南合体展开行动。,名侦探柯南/柯南/剧场版/怪盗基德/日本/2019/日本动画/动画,2019,True
30221757,烈火英雄,烈火·英雄 / 惊天大爆炸,黄晓明/杜江/谭卓/杨紫/欧豪/侯勇/张哲瀚/谷嘉诚/印小天/高戈/许文广/刘金山/丁嘉丽,陈国辉,6.6,剧情/灾难,汉语普通话,120,中国大陆,滨海市海港码头发生管道爆炸，整个罐区的原油都顺着A01油罐往外流，化成火海和阵阵爆炸，威胁全市、全省，甚至邻国的安全。慌乱的市民们四处奔逃，一辆辆消防车却逆向冲进火海……,英雄/正能量/消防题材/感动/真实事件改编/消防员/消防/灾难,2019,True
30234891,红心女王,女王诱罪(港),崔娜·蒂虹/古斯塔夫·林德/马格努斯·克雷佩/弗兰丹尼可·达尔·汉森,,0.0,剧情,丹麦语,127,丹麦 / 瑞典,擅打青少年性侵案官司的精明律師，與醫生丈夫婚姻美滿，事業家庭盡在掌握，豈料丈夫與前妻所生的反叛兒子搬來同住，令她措手不及。叢林深處的慾望被少年的青春怒火點燃，陷入不倫關係，一發不可收拾；不惜一切犧牲樹苗以挽救森林，原來靈魂早已焚燒殆盡。正義是人間仰望的茂林，秋風一揚，墜落堂皇華葉，剩下謊言枯枝。《堅離地公社》（夏日國際電影節2016）柏林影后崔娜蒂虹（《腦謀心算》，42 屆）挑戰演技，狠狠挖開纏心附魄的盤根錯節。,丹麦/2019/剧情/丹麦电影/欲望/丹麥/HKIFF43/Mayel-Toukhy,2019,True
30394729,暗之齿轮,,瑛太/绪形直人/大地康雄/中村苍/莲佛美沙子/高桥和也/石桥静河/津嘉山正种/中村贺津雄/桥爪功,山下智彦,7.3,悬疑/古装,日语,110,日本,改编自藤泽周平的同名小说藤澤周平的同名小说。主人公佐之助，混跡於江戶時代的黑暗世界，一日在常去的酒亭，他結識了伊兵衛。在伊兵衛的慫恿與自己渴求過上美好生活的雙重誘惑下，他最終同意，和一群陌生男子搭檔，合夥搶劫商家七百兩的巨款。。。,日本/瑛太/日本电影/藤泽周平/犯罪/日剧/莲佛美沙子/石桥静河,2019,True
30257331,她的马拉松,布列塔尼参加马拉松比赛(台),里尔·莱尔·哈瓦瑞/吉莉恩·贝尔/麦可拉·沃金丝/乌特卡什·安邦德卡尔/爱丽丝·李/米卡·斯托克,保罗·唐斯·卡莱佐,0.0,剧情/喜剧,英语,103,美国,布列塔尼·福格勒是一个有趣的，可爱的，27岁的纽约人，紧迫的生活让她过得乱七八糟的，其肮脏的夜总会冒险和清晨羞耻的散步使她每天上班迟到。但是当她停在一个叫“推荐医生办公室”的地方，试图给她加药时，布里塔尼得到了一系列的诊断结果，而不是心率升高、血压升高……一长串的疾病。突然，布列塔尼被迫握紧，系上她的匡威运动鞋，跑了一个汗块。第二天，她跑了两次。很快她就跑了一英里。布列塔尼终于有了方向，但她走对了吗？,美国/女性/喜剧/鸡汤/圣丹斯/剧情/Sundance/2019Sundance,2019,True
30220011,下一站天堂,亡命之途,妻夫木聪/丰川悦司/庄凯勋/谢欣颖/黄仲昆,半野喜弘,0.0,剧情,日语 / 汉语普通话,0,日本 / 中国台湾,因涉入一宗枉死案件被日本角头追杀而躲避到中国台湾的痞子牧野(妻夫木聪饰)，找上同样因此事件自我放逐的冷酷杀手岛(丰川悦司饰)，两名负罪的旅人一路逃亡来到了花莲，认识了开朗的当地女孩小恩(谢欣颖饰)，三人在这趟流浪的旅程中，竟遭到一位如同鬼魅般的神秘杀手(庄凯勋饰)追杀，他的出现即将揭露出什么残酷的真相？,日本/妻夫木聪/坂本龙一/日本电影/台灣/半野喜弘/2019/台湾,2019,True
30388381,握三下，我爱你,,杨丞琳/是元介/黄姵嘉,周美玲,6.9,剧情/爱情,汉语普通话,96,中国台湾,刘立立（杨丞琳 饰）与王玫（黄姵嘉 饰），是一对感情深厚的姐妹淘，同时也都是董今狐（是元介 饰）的妻子，在这个大家庭里，刘立立选择终身不育子，对元配王玫的子女视为己出，两人共同撑持起这个家长达50余年⋯⋯直到刘立立病倒，一直守护着她的王玫，对于一同守护着这个家，如今却在病榻上的好姐妹，她下了一个决定。,台湾/爱情/2019/温情/琼瑶/文艺/剧情/传记,2019,True
30290143,传奇王子,,片寄凉太/佐野玲於/饭岛宽骑/铃木伸之/町田启太,河合勇人/守屋健太郎,0.0,爱情,日语,0,日本,朱雀奏的父亲拜托王子见一个人，朱雀奏的父亲年轻时的初恋不幸亡故生前因为丈夫烂赌日子过得不好，还留下一个女儿希望儿子去看看初恋的女儿。,片寄凉太/日本电影/少女心/日本/玛丽苏/校园/爱情/青春,2019,True
27205132,金手套,,乔纳斯·达斯勒/马克·霍泽曼/亚当·布斯多柯斯/卡特加·斯图特/玛格丽特·提塞尔/特里斯坦·格贝尔/菲利普·巴尔特斯/玛蒂娜·艾特纳-阿奇姆彭/维多莉亚·塔拉特曼斯多夫/哈克·波姆/乌维·罗德/杰西卡·科斯马拉,法提赫·阿金,6.3,剧情/惊悚/犯罪,德语,110,德国 / 法国,德国导演法提赫·阿金将拍摄一部犯罪题材新片。影片改编自海因茨·施特龙克的小说《金手套》，故事源自真实事件。1970年至1975年，一个名叫弗里茨·洪卡的心理变态凶犯在汉堡红灯区谋杀了四名女子，他挑选“猎物”的地点是家名为“金手套”的酒吧。,犯罪/德国/惊悚/2019/真实事件改编/恐怖/剧情/柏林电影节,2019,True
26431439,武士马拉松,幕末马拉松,佐藤健/小松菜奈/森山未来/染谷将太/青木崇高/竹中直人/丰川悦司/长谷川博己/门胁麦/中川大志/小关裕太/阿部纯子/奈绪/福崎那由他/深水元基/筒井真理子,伯纳德·罗斯,6.2,剧情/动作/历史,日语,105,日本,影片改编自土桥章宏的小说《幕末马拉松武士》，以江户时代为背景，讲述为抵御来自外国的威胁、锻炼藩士身心，安中藩藩主下令举办名为“安政远足”的长跑竞赛，也是日本最早的长跑竞赛。但这场活动却阴错阳差地被幕府视为叛乱，于是遣刺客前往没有藩士驻守的安中城，企图收回领土…。,日本/日本电影/佐藤健/2019/小松菜奈/剧情/染谷将太/动作,2019,True
27203619,差等生乔曦,,林昕宜/李立北/来喜/白凯南/黑妹/廖蔚蔚/杨丽晓/那威/张婉儿/李潇/张垚/房琪,李克龙,4.4,剧情/喜剧,汉语普通话,104,中国大陆,海镇高中高二女生乔曦外表可爱，却是学校里出了名的坏女孩，捉弄老师、欺负同学、成绩白痴。被班主任封为无可救药那类学生，和学霸曲兰兰是两个极端。眼看高考在即，乔曦还是无心学习，和几个“臭味相投”的闺蜜混在一起。直到遇到新来了年轻班主任孙地一，点燃了乔曦人生的希望之火。,青春/校园/励志/喜剧/电影/国产/中国/珍爱生命远离烂片,2019,True
27202773,狼群行动,痞子兵王3 / 铁血佣兵 / 痞子兵王之铁血佣兵,谢恺予/李俊瑶,尹晨阳,0.0,动作/冒险,汉语普通话,68,中国大陆,"影片讲述了医疗志愿者李瑶在某国艾都力的某个村落给当地村民提供医疗帮助时，突遭绑匪袭击成为俘虏，其父亲得知消息后联系以张震、吴优为成员的安保小队前往，成功救出李瑶后因仍有同胞被困,潜入敌营并夺取交通工具去往高地寻求救援信号。在这个过程中，安保队员与绑匪之间展开了一场轰轰烈烈的绝地追逐……",烂片/枪战/感觉就是一群吃鸡玩家/就那个外国兵还算兵/军事/华语电影/国产/中国,2019,True
27597250,极限职业,炸鸡特攻队(港) / 鸡不可失(台) / 极端职业 / 极限行业,柳承龙/李东辉/李荷妮/陈善圭/申河均,李炳宪,7.7,喜剧/动作/犯罪,韩语 / 汉语普通话 / 英语 / 日语,111,韩国,影片故事围绕毒品侦察班而展开，毒品侦察班业绩超差，面临被撤销的危机，但突然有了一个线索，侦察班全体成员决心搏一搏。于是，他们开始潜伏在一家炸鸡店，监视毒贩，然而这炸鸡店业绩也超差，高班长为了保住这个侦察的好地方，盘下了炸鸡店。为了掩护身份，只能老老实实干起了炸鸡的生意，没想到其中一位警官却做出了具有独特口味炸鸡，导致生意做的红红火火。,韩国/喜剧/搞笑/警匪/犯罪/动作/2019/剧情,2019,True
26334820,凤梧洞战斗,凤梧洞战役(台) / 凤梧桐战斗 / 战斗,柳海真/柳俊烈/赵宇镇/朴智焕/崔有华,元新渊,0.0,剧情/战争,韩语,135,韩国,"电影背景以1920年在中国吉林省凤梧洞联合独立军摧毁日军第19师团，取得巨大胜利的凤梧洞战斗，与青山里战争一同被誉为""独立运动史""为原型的故事。",韩国/柳俊烈/韩国电影/战争/抗日/韩国独立运动/动作/南朝鲜电影,2019,True
30146909,杀手不笨,,是元介/安心亚/纳豆/林美秀/陈芷尤/陈俊权/辛龙,梁智强,0.0,剧情,汉语普通话,110,中国台湾 / 新加坡,《殺手不笨》（英语：Killer Not Stupid）是一部由梁志强執導的新加坡賀歲動作华语喜剧片，讲述两名男子在结束职业杀手的生涯前，在台灣与一伙人进行最后一次任务的搞笑冒险故事。主演包括是元介、安心亚、纳豆、陳俊權、陳芷尤、廖永谊、林美秀和辛龍，并于2019年2月5日在新马上映[1]。,台湾电影/2019/剧情/花莲/台湾/台北/澎湖/垦丁,2019,True
30158830,贞子,貞子：起源(台),池田依来沙/塚本高史/清水寻也/姬岛妃花/桐山涟/友坂理惠/佐藤仁美,中田秀夫,4.3,悬疑/惊悚/恐怖,日语,0,日本,心理諮詢師茉優（池田依來沙 飾），負責看診一名由警察保護的少女。失去所有記憶的少女連自己的名字都忘了，而茉優身旁竟然也開始發生許多無法理解的怪事……,恐怖/日本/日本电影/惊悚/2019/鬼片/灵异/中田秀夫,2019,True
30163822,心理测量者SS3,PSYCHO-PASS|SS 第三部,,塩谷直义,0.0,动作/动画/犯罪,日语,0,日本,2116年に起きた東南アジア連合・SEAUnでの事件後、狡噛慎也は放浪の旅を続けていた。南アジアの小国で、狡噛は武装ゲリラに襲われている難民を乗せたバスを救う。その中には、テンジンと名乗るひとりの少女がいた。かたき討ちのために戦い方を学びたいと狡噛に懇願するテンジン。出口のない世界の縁辺で、復讐を望む少女と復讐を終えた男が見届ける、この世界の様相とは…。,剧场版/日本动画/日本/动画/心理测量者/反乌托邦/科幻/アニメ,2019,True
27195113,入铁笼,格斗吧,林耀声/马志威/元秋/葛民辉/黎美言/杨柳青/周殷廷/林曉雯/张沛乐/郑丽莎/李宗彥/罗天池/李逸朗,陈翊恒,4.2,动作,粤语,108,中国香港,"哥哥『招積』和弟弟『電兔』在孤兒院長大，經院工『雷Sir』領養並得到『雷師母』的幫忙，入住鄉村拳館。招積供養著弟弟到學校讀書，但電兔打地下拳賺錢，被開除學籍，兩兄弟因而反目。電兔成為網絡紅人。他極速KO對手的片段被網友封為『爛仔交王』。招積每天勤練拳並參加各大小型比賽，打出59場不敗記錄！招積首場MMA職業拳賽，竟然被20秒KO，及後對手陳樂風在台上更侮辱雷師母和鄉村拳館。 及後，網絡卻瘋傳『爛仔交王』電兔為了哥哥挑戰『萬人迷』陳樂風的片段。兩兄弟回想起當年在孤兒院的日子，忍不住流下淚來。哥哥說電兔有一個罕有的天賦，就是判斷對手拳法的能力，讓他能夠輕易閃避對手拳腳。""Precision beats Power, Timing beats Speed"".自己卻一直隱瞞著，是怕有一天弟弟會打贏自己，電兔信心倍增……",动作/香港/2019/体育/香港电影/港片/青春/烂片,2019,True
27195204,卢斯,盧斯的秘密（港）,娜奥米·沃茨/奥克塔维亚·斯宾瑟/蒂姆·罗斯/小凯文·哈里森/诺贝特·里奥·布茨/玛莎·斯蒂芬妮·布莱克/亚斯特罗/克里斯托弗·曼恩/苏利芒·西尔·萨瓦内/阿曼达·特罗亚/费斯·洛根/伊恩·安特曼,朱利叶斯·约拿,8.1,剧情,英语,109,美国,Amy和Peter十年前領養了來自非洲戰亂國家厄利垂亞的盧斯。現在，兒時曾被訓練做童兵的盧斯，經過努力不懈的奮鬥，已經成為了備受愛戴的優異生，他的非裔老師Harriet更對他寄予厚望，相信他能夠成為黑人學生的典範。但當盧斯以一位提倡暴力抗爭的革命家為題寫作論文時，文中的暴力思想令Harriet非常擔心，並偷偷搜查他的儲物櫃，發現了驚人的真相，她最大的恐懼似乎成真⋯⋯,美国/种族/2019/社会/美国电影/剧情/独立/NaomiWatts,2019,True
30163821,心理测量者SS2：第一卫士,PSYCHO-PASS|SS 第二部,东地宏树/有本钦隆/浅野真澄/寺杣昌纪/大原沙耶香/关智一/野岛健儿/石田彰/伊藤静/泽城美雪/本田贵子/花泽香菜/佐仓绫音,塩谷直义,0.0,动作/动画/犯罪,日语,60,日本,常守朱が公安局刑事課一係に配属される前の2112年夏、沖縄。,日本/日本动画/剧场版/PSYCHO-PASS/动画/2019/アニメ/科幻,2019,True
30164421,泰渝记,,罗斯·威廉姆斯/赛斯·格林/麦考利·卡尔金/蕾切尔·布鲁姆/凯达·威廉姆斯特灵/布兰达·宋/布瑞金·梅耶/克莱尔·格兰特/罗伯·鲍森/兰迪·奥尔顿,赛斯·格林,4.7,剧情/喜剧,英语,85,美国,在准备结婚周年旅游的男子布兰登发现，自己的妻子似乎出轨了。伤心之余，布兰登邀请最好的男性朋友丹一起到泰国完成预定的旅游。在泰国，经历了系列自然美景和社会人物经历后，终于开始从悲伤中醒过来，勇敢面对妻子的出轨。影片最后，布兰登准备打电话和妻子联系。,泰国/2019/美国/喜剧/风景/剧情/美国电影/麦考利·卡尔金,2019,True
30168054,监视,,姜艺媛/李学周/周锡泰/林智贤/金诺珍,金圣基,5.4,惊悚,韩语,97,韩国,某日，突然在公司地下停车场被绑架的女人（姜艺媛 饰）试图逃脱的故事。,韩国/惊悚/犯罪/2019/悬疑/暴力/剧情/烂片,2019,True
30171446,土生子,危險上路(台),玛格丽特·库里/尼克·罗宾森/伊丽莎白·玛维尔/琪琪·莱恩/桑娜·莱瑟/大卫·艾兰·格里尔/艾什顿·桑德斯/比尔·坎普/巴巴拉·苏科瓦/斯蒂芬·亨德森/拉马尔·约翰逊/杰罗德·海恩斯/多泰斯·詹姆斯,拉希德·约翰逊,6.2,剧情,英语,110,美国,"Wright's 1940 original novel followed a poor, 20-year-old black Chicagoan, Bigger Thomas, as he takes a job as a chauffeur for the wealthy, white Dalton family. When Thomas accidentally commits an act of violence against a member of the family, he engages in an elaborate cover-up scheme that begets more crimes. Wright emphasizes throughout the novel that society has been set up to make Thomas what he becomes.",2019/美国/文学作品改编/美国电影/剧情/NickRobinson/犯罪/独立,2019,True
5152346,威尔·加德纳,,罗伯特·帕特里克/伊丽莎白·霍尔姆/欧玛瑞·哈德威克/德蒙特·莫罗尼/莉莉·拉贝/霍特·麦克卡兰尼/马克斯·马蒂尼/加里·西尼斯/乔贝兹·威廉姆斯/斯图尔特·马戈林,马克斯·马蒂尼,5.7,剧情,英语,125,美国,一名伊拉克战争老兵骑着摩托车穿越美国，寻回他在战争中失去的生命。,公路/剧情/战争后遗症/美国/美国电影/战争/2019/军事,2019,True
30286712,蝙蝠侠：缄默,,杰森·奥玛拉/佩顿·利斯特/莫瑞·史特林/杰森·斯皮萨克/佩顿·李斯特/丽贝卡·罗梅恩/詹妮弗·莫里森/雷恩·威尔森/杰瑞·奥康奈尔/塔拉·斯特朗/凡妮莎·威廉斯/吉奥弗瑞·阿伦德/肖恩·马希尔/布鲁斯·托马斯/斯图尔特·艾伦,贾斯汀·科普兰,6.4,动作/科幻/动画/冒险,英语,82,美国,影片改编自同名漫画，原著漫画讲述一个神秘的跟踪者名叫“缄默”，他似乎打算从远处暗杀蝙蝠侠。故事中有许多客串角色，其中包含了大量的蝙蝠侠反派，还有多位蝙蝠家族的成员以及和蝙蝠侠的老战友，超人。它还探索了蝙蝠侠和猫女之间的暧昧情愫。,DC/动画/蝙蝠侠/美国/2019/漫画改编/超级英雄/动作,2019,True
27620911,灵魂的救赎,,王迅/黄小蕾/张峻豪/周小镔/刘一莹/匡牧野/张元坤/朱军,杨真,0.0,剧情,汉语普通话,90,中国大陆,《灵魂的救赎》讲述一个在地震中失去孩子的家庭如何接受现实，重新振作的故事。电影刻画了两对中年夫妇，一对是在地震中失去独生子的打工者夫妇，另一对则是各自忙于工作对儿子缺乏关爱和照顾的精英夫妇，他们分别陷入“无法面对失去”和“不懂得珍惜所有”的精神困境。,地震/失独/感人/中国/大陆/2019/很有内心的触碰的，还不错的/剧情,2019,True
30304656,老公去哪了,,黄俊鹏/黄小蕾/沈梦辰,李思易,0.0,喜剧/爱情/家庭,汉语普通话,100,中国大陆,电影《老公去哪了》是一部以拯救危机婚姻、维系夫妻感情、倡导和谐家庭、稳定社会秩序为内容的幽默轻喜剧电影。是由总制片人张年胜亲自担任故事原创、编剧，历尽4年之久，从最初剧本的酝酿构思，到立项研讨，完成定稿，反复听取各方建议，精心修改完善，可谓呕心沥血。,喜剧/爱情/励志/中国/烂片/爱他妈去哪去哪/家庭/等一下，我老公呢？,2019,True
30306764,证人,5时恭候的证人(港),郑雨盛/金香起/李奎炯/廉惠兰/张荣男/郑元中/金正洙/金学善/宋允儿,李翰,7.7,剧情/惊悚,韩语,129,韩国,讲述负责杀人案件的辩护律师顺浩和看到事件的证人智友之间的故事，智友是个自闭症患者。,韩国/人性/温情/犯罪/剧情/悬疑/法律/2019,2019,True
30299914,巅峰营救,,张亚奇/费馨洁/王子宸/刘秦杉/海扬,靳浩,0.0,剧情/动作/战争/犯罪,汉语普通话 / 泰语,0,中国大陆,男主角私人保镖韩昊奉命保护并带回神秘客户“白羊”，却发现“白羊”竟然是自己的前妻徐冰，二人经历磨难重归于好，并在二人联手之下阻止了犯罪集团的惊天阴谋。,动作/枪战/国产电影/营救/网大/2019/网络电影爱奇艺/爱国,2019,True
30144221,女特工,双面特务(台),黛安·克鲁格/马丁·弗瑞曼/卡斯·安瓦尔/维尔纳·德恩/李伦·勒夫,尤瓦尔·阿德勒,6.5,惊悚,英语,116,美国 / 以色列,黛安·克鲁格、艾瑞克·巴纳加盟间谍金惊悚片[女特工](The Operative，暂译)。影片由尤瓦尔·阿德勒([伯利恒])执导，根据以色列畅销小说《英语教师》改编。故事讲述一个女性(克鲁格饰)被摩萨德招募成为间谍并潜伏到德黑兰执行任务，而她更要处理自己和上司(巴纳饰)，目标人物的错乱关系。,特工/以色列/美国/2019/剧情/间谍/惊悚/悬疑,2019,True
27603782,优步危机,狂玩嘢时速(港) / 玩命优步(台) / 斯图伯,戴夫·巴蒂斯塔/库梅尔·南贾尼/伊科·乌艾斯/贝蒂·吉尔平/米拉·索维诺/娜塔丽·莫瑞丝/约书亚·米克尔/阿明·约瑟夫/斯科特·劳伦斯/克里斯汀·霍恩/汉斯·马雷罗/雷内‧莫兰,迈克尔·道斯,6.5,喜剧/动作,英语,105,美国,南贾尼饰演一名性格温和的Uber司机，某天载的乘客是一位头发斑白的警察，他正在追捕一名残忍的杀手。司机发现自己面临艰巨考验，他必须要保持冷静，保证服务质量以获得五星好评。,喜剧/动作/美国/2019/犯罪/搞笑/二十世纪福克斯/家庭,2019,True
30129059,武藏,,细田善彦/松平健,三上康雄,0.0,动作/历史,日语,120,日本,俳優の細田善彦が映画初主演を果たし、松平健と共演する「武蔵　むさし」が、2019年初夏に公開されることが決定。「蠢動　しゅんどう」の三上康雄監督がメガホンをとる。,SIFF/日本电影/2019年上海国际电影节/武士/日本/历史/电影院/电影,2019,True
30140101,你觉得我是谁,别问我是谁(台) / 你以为我是谁,朱丽叶·比诺什/妮可·加西亚/弗朗索瓦·西维尔/玛丽-安吉·科斯塔/纪尧姆·谷伊/夏尔·贝尔林/朱勒斯·霍普兰/朱尔斯·高泽林/弗兰西斯·莱珀雷/克洛德·佩隆,萨菲·奈布,7.6,剧情,法语,101,法国 / 比利时,比诺什在片中饰演50岁的离异教师克莱尔，她为了监视自己的情人乔，在Facebook上虚构了一个24岁漂亮黑发女生的人物身份。但是乔只接受自己认识的人的好友请求。为了能接近乔，克莱尔给他最好的朋友克里斯发了好友请求，克里斯接受了。,法国/爱情/女性/2019/文艺/剧情/柏林电影节/人性,2019,True
30136664,匠心,,马少骅/张迪/姚以缇/时男/刘玉婷/吴珏瑾/王伟军,王凯阳,0.0,剧情,汉语普通话,93,中国大陆,在远离繁华大都市的木雕小镇上，传统的中华工艺依旧在代代传承。青年设计师陆曦和台商方寒冰为了一个建筑修复方案误打误撞回到自己故乡木雕小镇，在这里重拾祖孙情，也找到了当下社会年轻人所缺失的匠心精神。,工匠精神/匠心/中国大陆/披着教育片的皮，演着恋爱喜剧/正能量/烂片/搞笑/中国,2019,True
27598267,黄玫瑰,,姜宏波/陈芊桦/张陆/梁林琳/王胤俊,宁敬武,0.0,剧情,汉语普通话,104,中国大陆,邹笑春是抚顺市传染病医院艾滋病治疗与关爱中心原主任，长期坚守在艾滋病防治工作第一线，为爱滋病患者这一特殊群体构建一个心手相牵的关爱之家，在身患重病的情况下她仍坚守岗位，后因医治无效不幸去世，年仅44岁。电影《黄玫瑰》讲述了邹笑春医生的先进事迹，以及艾滋病患者和一线医护人员最真实隐秘的生存状态和生命哲思，通过艺术升华，完美展现了邹笑春这位最美医生的光辉形象。,正能量/医疗/主旋律/中国电影/中国/电影/感动/HIV,2019,True
30274965,海兽之子,,芦田爱菜/石桥阳彩/浦上晟周/森崎温/稻垣吾郎/苍井优/渡辺徹/田中泯/富司纯子,渡边步,8.2,动画/奇幻/冒险,日语,100,日本,主人公的琉花是一个脾气略微急躁的普通少女，父母亲都在水族馆中工作，小的时候曾经在水族馆内见到过发光的鱼群，对其记忆尤深。,日本动画/日本/动画/动画电影/2019/五十岚大介/自然/剧场版,2019,True
30352313,李白之天火燎原,,张子文/马牧萱/刘承俊/李冬果/刘权友,李伯勋,0.0,动作/奇幻/武侠,汉语普通话,96,中国大陆,幼年时目睹碎叶城之战惨烈情形的幼年李白，怀揣着老夫子济世救人的教诲，与恩师裴旻倾授的一身武艺，踏上了寻求公平力量的道路。初入长安，壮志未筹，心怀悲悯的李白，一边受安西都护府举荐以诗文才华入仕，一边则化出夜行侠身份对抗恶徒。不料血雨腥风的阴谋正在暗处伺机而动，方术中玄机重重，沉睡的长安能否化险为夷？李白能否在对抗恶匪过程中成长为真正经天纬地之英雄？,张子文/感觉,2019,True
26605859,王媛媛,,宋小宁,卫兆红,0.0,剧情,汉语普通话,92,中国大陆,出品单位: 山东嘉迅影视文化传媒有限公司,性奴，反转/大陆,2019,True
30276413,舞动吧！少年,,雷俊/张嗣诚,窦微,0.0,剧情/家庭,汉语普通话,94,中国大陆,一群少年对街舞的逐梦之旅，期间有父子之间的亲情矛盾，有街舞和广场舞的激烈对决，最后还有城市少年和留守少年的那份纯洁友谊,国产/大陆/少年/传记/回忆录,2019,True
27158530,尼可曼斯,,莫妮卡·贝鲁奇/本·奥图尔/泰丝·哈乌布里奇,,5.8,科幻/恐怖,,99,澳大利亚,莫妮卡·贝鲁奇加盟科幻恐怖片[尼可曼斯](Nekromancer，暂译)。影片由澳大利亚导演凯·瑞奇-特纳及凯兄弟两人执导。影片卡司还包括本·奥图尔([底特律])、泰丝·哈乌布里奇([机器之血])。该片由eOne联合Screen Australia、 Create NSW投资制作。影片今年于悉尼开拍，剧情未知。,科幻/恐怖/奇幻/澳大利亚/莫妮卡·贝鲁奇/2019/惊悚/网络,2019,True
30345294,锦衣神探,,钟正/蒋毓玮/王亚楠/任希鸿,吴俊贤,0.0,悬疑/武侠,,0,中国大陆,山西总兵屈伟和独孤九箭在护送“金钱和美女”进京途中离奇被杀，而其随身宝刀“孟劳”却出现在江湖大盗陆坤手里，六扇门女捕头石依依、屈伟好友锦衣卫沐斌擒获陆坤，却发现陆坤也是被人嫁祸，而六扇门却急于将陆坤收押定案，沐斌和石依依需要在三天内将真相查清， 而他们在寻找嫁祸陆坤的癞皮狗时却被人设下连环杀局，拨开重重迷雾之后发现所有疑点都指向春香楼头牌窈窕，这一切到底是因为什么? 窈窕是什么身份?六扇门为什么急于定案?情杀还是仇杀?真正的凶手到底是谁?且看沐斌和石依依这对锦衣神探CP将给我们呈现的一场视觉盛宴......,国产电影/大陆/悬疑/国产/中国/网络电影/2019电影-古装/2018,2019,True
30345226,若能与你共乘海浪之上,乘浪之约(台) / 浪尖上的约定(港) / 若能与你乘风破浪 / 若能和你共乘波浪 / 若能与你共乘波浪 / 若与你共乘海浪之上 / 你和我，如果被海浪吞没,片寄凉太/川荣李奈/松本穗香/伊藤健太郎,汤浅政明,7.1,爱情/动画/奇幻,日语,96,日本,夏天、阳光，沙滩、海浪，青年消防员雏罂粟港和爱好冲浪的向水日菜子相遇并迅速展开热恋。看似命中注定的这对恋人，却不幸遭遇生死别离。无法接受港已经离世的雏子，某天突然发现，只要唱起属于两个人的那首歌，港就会从水中出现……,汤浅政明/日本/日本动画/动画/爱情/动画电影/2019/片寄凉太,2019,True
30190607,钢铁飞龙之奥特曼崛起,,,王巍,3.1,动作/科幻/动画,汉语普通话,90,中国大陆,创世晶石危机一触即发，为了阻止地球毁灭，奥特曼选择了看似平凡的小男孩乐乐作为自己的人间体，面对重重挑战，原本调皮捣蛋的小屁孩在奥特曼的引导下，成为拯救地球的关键人物，而奥特曼超能力的秘密也逐渐被揭晓……,烂片/圈钱的垃圾玩意/无耻/毁童年/低俗/动画/毁/中国大陆,2019,True
30360127,再次，春天,,李清娥/洪宗玄/朴庆惠,郑用柱,6.4,剧情,韩语,0,韩国,一觉醒来却发现时间回到了昨天，我的时间开始一天天倒流了！因为一场事故，恩祖（李清娥饰）失去了人生唯一的幸福——女儿，陷入绝望的她对自己的人生做出了重大的决定，可当她再次睁开眼睛时时间却回到了昨天。开始 时光倒流的恩祖一点点改变着自己不幸的昨天，可不停倒流的时间也让自己心生不安。就在这一天，她遇到了手握这场时间之旅关键的男人浩民（洪宗玄饰）…她是否能够让时间倒转，迎来崭新的明天？4月17日（今天）上映~转自：微博@凤凰天使TSKS,韩国/韩国电影/穿越/洪宗玄/李清娥/2019/帅哥/爱情,2019,True
30361976,蜀山降魔传2,,盛英豪/李健仁/赵闪闪/彭禺厶/黄一山/徐少强,朱凌锋,0.0,动作/奇幻/武侠/古装,汉语普通话,68,中国大陆,《蜀山降魔传2》讲述了叛离峨眉的云居雁夜袭峨眉大开杀戒，并抢夺了上古灵珠。昆仑得知峨眉惨况后，昆仑长老断言云居雁想集齐四颗灵石一统三界。掌门萧何只有找到昆仑师叔祖逍遥子，并先于云居雁得到魔龙窟守护的灵珠才能阻止其脚步。而逍遥子在面对萧何等人的请求时，对众人百般刁难，最终答应在收取不菲报酬后，踏上前往魔龙窟的凶途。,好久没看过这么烂的片/洗钱片/古装/垃圾中的战斗机/蜀山/垃圾/国产剧/网络电影,2019,True
30354166,理查二世,,,,7.5,剧情,英语,115,英国,在看过大卫·田纳特版的《理查二世》和本·卫肖出演的BBC剧集《空王冠》版本之后，你还能否想象另一番模样的《理查二世》？,NTLive/莎士比亚/舞台剧/英国/戏剧/万达莎士比亚影像展/2019/剧情,2019,True
26710208,你的名字是玫瑰,你的名字叫蔷薇(台),崔宇植/李源根/朴圣雄/吴政世/夏沇秀/李俊赫/柳好贞/蔡秀彬,曹锡贤,5.5,喜剧/悬疑,韩语,126,韩国,韩国推理喜剧电影。讲述了某天在平凡的主妇面前出现了一个男人，强行揭露她不想回首的过去，从而引发的一连串故事。,韩国/韩国电影/剧情/崔宇植/朴圣雄/2019/韩影/河妍秀,2019,True
30327451,37秒,,佳山明/神野三铃/大东骏介/渡边真起子/熊篠慶彦/萩原实里/宇野祥平/芋生悠/涩川清彦/奥野瑛太/石桥静河/尾美利德/板谷由夏,宮崎光代,0.0,剧情,日语,115,日本,"Yuma is a 23-year-old woman from Tokyo. When she commutes by train to her job in a manga studio, her face is at hip height to the other passengers standing up. Yuma uses a wheelchair on account of cerebral palsy. Her deformed limbs only allow her to crawl – and to hold a pencil. The fact that her boss, a successful comic artist and blogger named Sayaka, who has a penchant for garish Fairy Kei attire, passes Yuma’s drawing ideas off as her own, dismays the talented ‘mangaka’. Even worse, her overprotective mother hardly lets her out of her sight and refuses to talk about her father. As Yuma attempts to live a more independent life, she stumbles across adult comics – manga porn – and toys with the idea of drawing some herself. The publisher advises her to gain some personal experience first. But what happens when a woman in a wheelchair asks a tout in Tokyo’s red light district to fix her up with a sex date?",日本/2019/柏林电影节/日本电影/成长/Berlinale69/石桥静河/板谷由夏,2019,True
30170801,西西里著名的熊入侵事件,,莱拉·贝蒂/亚瑟·杜彭/让-克洛德·卡里埃/托马斯·彼得葛恩/蒂埃里·汉西斯,洛伦佐·马托蒂,0.0,动画,法语,88,法国 / 意大利,Gideon与小女孩Almerina行走江湖靠说戏为生，某日，两人在一个山洞过夜等待天亮继续行路。半夜遇到一只老熊，两人大惊，开始为熊说戏企图逃过一劫。故事的主角是生活在山里的熊国王Leander和儿子Tony，某天Leander带着Tony来到河里练习捕鱼，谁知Tony不幸被一张大网抓走，Leander遍寻不着Tony，从此郁郁寡欢，不理朝政，直到有天，他的大臣们警告他，再不想办法，他的熊子民们就即将饿死了。 他的左膀右臂Saltpetre 和Theophilus向他献计Tony王子说不定正在山下的人类王国里。Leander顿时来了精神，组织了熊大军向山下的人类王国进发，希望能找到tony顺便向人类讨点吃食。,动画/法国/意大利/2019/戛纳电影节/2010s/P-CannesB入围一种关注/Mattotti,2019,True
30219560,邻居同居2,邻居同居2LDK,上白石萌音/杉野遥亮/横滨流星/高月彩良/堀家一希/町田启太,川村泰祐,5.9,爱情,日语,107,日本,《邻居‧同居2》故事中，小葵（上白石萌音饰演）因为不愿与好朋友小萌分开，所以选择不跟着父母搬家，独自一人在外生活。当小萌向学校的白马王子柊圣（杉野遥亮）告白、惨遭拒绝之后没多久，柊圣竟然搬到了小葵住处的隔壁。然而痛恨柊圣的小葵在不经意之中渐渐发现他的多种面貌，对他的感觉也逐渐起了变化。两人还因为一场突然的意外，开始了同居生活。此外，还加上了柊圣的堂弟玲苑（横滨流星饰演）的三角关系，究竟会变得如何呢？,日本/爱情/青春/少女心/漫画改编/2019/漫画小说真人版/横滨流星,2019,True
27180759,送我上青云,,姚晨/袁弘/李九霄/梁冠华/杨新鸣/吴玉芳,滕丛丛,7.3,剧情,汉语普通话,99,中国大陆,盛男（姚晨饰），女，独立上进有追求，渴望真爱却仍孑然一身。一次意外发现自己患上了卵巢癌，需要进行手术，但父亲出轨，母亲幼稚，家庭给不了她可能的支持，她不得不接受一份自己不喜欢的工作去筹手术费。天生骄傲的盛男，在生死关头才发现成年人想生存的体面比想象中还艰难，在一次又一次的希望与绝望中，最终用自己的方式和世界和解。,女性/文艺/黑色幽默/现实/人生/中国大陆/2019/剧情,2019,True
26266919,最好的我们,最好的我们电影版,陈飞宇/何蓝逗/惠英红/陶慧敏/汪苏泷/董力/蒋紫嫣/周楚濋/方文强/王初伊/高文峰/陈帅/秦昊/张小厚,章笛沙,5.4,剧情/爱情,汉语普通话,110,中国大陆,每个人的心里大概都藏着一个念念不忘的人。一个偶然被提及的名字，让女摄影师耿耿（何蓝逗 饰）内心掀起万千波澜，触动了回忆的开关，那个撩人心动的少年余淮（陈飞宇 饰）再度闯进她的思绪。,青春/校园/爱情/回忆/成长/小说改编/2019/中国大陆,2019,True
30329143,王室教师海涅剧场版,,植田圭辅/安里勇哉/安达勇人/广濑大介/苍井翔太/桥本祥平/阪本奖悟/森川智之/小野大辅/松井明知/杉山佳寿子/立花慎之介/浪川大辅/江口拓也/真田侑/乡田穗积/小西克幸/松井惠理子/佐藤花/长谷川芳明,菊池胜也,6.8,剧情/动画,日语,61,日本,以成为下一任国王为目标，古兰兹莱希国的四位王子在王室教师海涅·维特根斯坦因的指导下，虽然有时候也会烦恼迷惘，但也跨越了重重难关，渐渐地成熟茁壮。但来自罗马诺国的双胞胎王子，却突然在他们面前现身了！虽然两位王子看似可爱，个性却跟外表完全相反，其实根本超级 S（虐待狂）的啊…！面对这前所未有的危机，海涅居然与四位王子一起提出了「教育意义的指导」！？,剧场版/动漫/日本/动画电影/2019/劇場版/动画/好看,2019,True
10786241,印度有嘻哈,地球村印度 / 街头男孩 / 街道男孩 / 沟壑男孩,兰维尔·辛格/阿莉雅·布哈特/卡琪·柯切林/谢巴·查达/乔蒂·苏巴/库布拉·萨特/索纳利·萨查德夫/维贾伊·拉齐,卓娅·阿赫塔尔,7.6,剧情/音乐,印地语,153,印度,影片讲述一个生在印度贫民区的22岁的少年，违背父亲希望他成为白领的期待，投入说唱事业，并收获了爱情。,印度/印度电影/说唱/音乐/2019/爱情/印影/阿莉雅,2019,True
30203232,都柏林动物,,荷丽黛·格兰杰/阿莉雅·肖卡特,苏菲·海德,0.0,剧情/喜剧,英语,109,英国,未来的作家劳拉（Holliday Grainger）和她的室友美女泰勒（Alia Shawkat）在都柏林有一间凌乱的公寓，对酒、茉莉和一夜情有强烈的欲望。然而，当劳拉爱上了吉姆（Fra Fee），一个迷人但拘谨的古典钢琴家，泰勒担心聚会可能很快结束。,爱尔兰/英国/爱情/sundance/2019/美國/理想/Dublin,2019,True
27186580,遗忘者之绝命狙击,遗忘者,朱鉴然/涂冰/吴品洁/李德龙/冯晓峰/林威/朱兆丰/薛亦伦/马东延/于洪亮,吕蔚,0.0,动作,汉语普通话,0,中国大陆,影片讲述了特勤陈子默在执行任务的时候发现自己的恋人邓潇潇的身份十分可疑，就在他要调查清楚此事的时候意外频发，恋人的意外死亡，朋友的出卖，同事的怀疑让他身陷囹圄。陈子默并不知道，所有的意外都是为了他的特殊身份而编制的一个大网。陈子默背负各种压力成为了一位孤胆英雄只身对抗幕后的黑手。,吳品潔/华语/[華語]/英雄/热血/(待下)/马东延/薛亦伦,2019,True
27186577,未成年,,廉晶雅/金素真/金惠濬/朴世真/金允石/金希元/李熙俊/郑钟俊/廉惠兰,金允石,7.2,剧情,韩语,96,韩国,影片根据同名话剧改编，讲述17岁的少女在非正常的成人世界中，与同年级的朋友一起经历的故事。,韩国/剧情/2019/青春/金允石/家庭/社会/黑色幽默,2019,True
30334970,灼人秘密,妮娜,吴可熙/宋芸桦/夏于乔/施名帅/黄尚禾/张立昂/王琄/汤志伟/谢盈萱/郑人硕/李李仁,赵德胤,5.8,剧情,汉语普通话,103,中国台湾 / 德国 / 马来西亚 / 缅甸,赵德胤第5部剧情长片《灼人秘密》获得台湾文化部辅导金新台币1200万元补助，谬思演员吴可熙同时身兼演员与编剧，电影也首次告别缅甸，于2018年11月26日杀青。,台湾/赵德胤/2019/台湾电影/吴可熙/悬疑/戛纳/宋芸桦,2019,True
30335059,熊出没·原始时代,熊出没6 / 熊出没大电影6,张伟/张秉君/谭笑/宋祖儿/刘思奇/万丹青/刘沛/孟雨田,丁亮/林汇达,6.6,喜剧/动画/冒险,汉语普通话,88,中国大陆,熊大熊二光头强意外穿越回恢宏的石器时代，在原始部落与猛犸象、剑齿虎等一众奇特 生物开启了眼界大开的奇幻之旅！原始时代瑰丽非常却又危机四伏，熊强三人组与一只可爱 狼女一路相伴，笑料百出。原始部落纠葛不断，女族长竟对光头强情愫暗生……面对凶猛狼 族的步步紧逼、原始人类的不断质疑、自然危机的全面爆发，熊强究竟何去何从？他们又能 否回归现代？一场关于守护与成长、爱与勇气的冒险，拉开序幕……,动画/2019/搞笑/童年回忆/中国大陆/奇幻/喜剧/成长,2019,True
26709197,最佳敌人,,塔拉吉·P·汉森/山姆·洛克威尔/巴布·塞赛/尼克·瑟西/韦斯·本特利/安·海切/布鲁斯·麦克吉尔/小约翰·加拉赫/尼古拉斯·罗根,罗宾·比斯尔,7.4,剧情/传记/历史,英语,133,美国,STXfilms拿下塔拉吉·P·汉森和山姆洛·克威尔主演新片《最佳敌人》(The Best of Enemies)的北美发行权，Babou Ceesay(《侠盗一号》)、安妮·海切(《危险机密》)、韦斯·本特利(《美国恐怖故事》)、布鲁斯·麦克吉尔(《妙女神探》)、小约翰·加拉赫、尼克·西塞等参演。制片人罗宾·比塞尔(《饥饿游戏》《琼斯的自由国度》)首执导筒，并根据Osha Gray Davidson所著书籍改编剧本。,美国/种族/传记/剧情/真人真事改编/历史/人性/2019,2019,True
30329902,青春期猪头少年不做怀梦少女的梦,青春期笨蛋不会梦到怀梦美少女 / 青春笨蛋少年不做怀梦美少女的梦,石川界人/濑户麻沙美/水濑祈/东山奈央/种崎敦美/内田真礼/久保由利香,增井壮一,8.8,剧情/爱情/动画,日语,90,日本,住在天空与海洋辉映的城镇“藤泽”的梓川咲太，就读高中二年级。,咲太骚话/骚话连篇感人至深/剧场版/动漫/日本/最温柔的翔子小姐/纯爱/2019,2019,True
30330918,魔音盒,,,,3.4,惊悚,英语,88,意大利,"When six-year-old Sophie is tragically orphaned guardianship is assigned to her estranged aunt Annabelle. The two move into a large, eerie, Victorian house where Sophie unearths a locked wooden box with a strange symbol drawn on it. Desperate to connect with her niece Annabelle pries the lock open revealing a beautiful music box. Each time the music box is wound and replayed it's surprisingly chilling melody plays slightly longer, captivating Sophie even more. When the music box begins affecting Sophie's behavior and health Annabelle seeks the aid of a child psychologist and clairvoyant who soon discover the music box is possessed by an evil spirit who seeks to haunt Sophie and destroy Annabelle. As the haunting intensifies time begins to run out and Annabelle finds herself racing against the music box's melody to defeat the spirit before the last note plays.",恐怖/惊悚/意大利/2019/意大利电影/烂片/灵异/电影,2019,True
30331264,唐砖之地狱花谷,,强宇/张婕/周融/韩昕妤/黄垲翔/董至成/郭宇宸/尹嘉萱/孙美楠/张旭洲,郑凯君,0.0,喜剧/爱情/古装,汉语普通话,71,中国大陆,主要讲述了被灭门的反贼后人窦燕山卧薪尝胆五年后回到长安，欲寻找蓝田侯云烨复仇的故事。窦燕山精心布局，利用忘忧草控制长安城百姓，全方位击溃云烨信心，云烨利用自己出色的头脑和思想，制造超水准武器，在大战中击败窦燕山，拯救整个李唐王朝。,烂片/古装/奇幻/电影/中国/网络电影爱奇艺/大陆/2019,2019,True
30174427,凛,,佐野勇斗/本乡奏多,池田克彦,5.1,剧情,日语,86,日本,本片改编自芥川文学奖得主又吉直树的舞台剧作品《凜》。在日本的某个小镇，流传着一个不祥的传说——每隔一百年，就会有一个孩子消失。某年冬天，有个男孩从东京转校到了镇上的高中二年级就读。虽然冬天的转学很不常见，但班里的男生很快就和东京来的转校生交上了朋友。突然有一天，他们中有一个人消失不见了，小镇顿时陷入了混乱之中，而那个传说也在这时浮上了所有人的脑海。紧接着，又有一个孩子不见了。人们把怀疑的目光投向了那个转校生，但男孩们却想要相信并守护他们之间的友谊……,日本/日本电影/本乡奏多/又吉直树/SIFF/2019/小说改编/悬疑,2019,True
30174652,合法伴侣,,李治廷/张榕容/白客/鲁珀特·格雷夫斯/周韦彤,黄雷,0.0,喜剧/爱情,汉语普通话,106,中国大陆,在伦敦追求梦想的音乐才子古大白（李治廷 饰），因为一场意外陷入签证危机，将被遣送回国。情急之下，已拿到绿卡的发小金天（白客 饰）仗义出手，真兄弟变身假伴侣，企图在签证官华生（鲁伯特·格雷夫斯 饰）面前蒙混过关。但事情并没有想象中顺利：新搬来的邻居赫敏（张榕容 饰）成“闺蜜”、火眼金睛的签证官穷追不舍、大白父母突然来探亲……各种突发状况让这对“伦漂”兄弟手忙脚乱，小谎言滚成了大雪球，在签证与真相之间，兄弟俩又将如何选择？,李治廷/白客/喜剧/伦敦/2019/中国大陆/华语/合拍,2019,True
27109174,武者,,阮圣文/王沛然/叶硕/陈水清/成城/王劲松/郑亚雷/谢宇朦/王建龙/苏盛华,贺泉,6.6,动作,汉语普通话,115,中国大陆,抗日爆发前期，中华武士会会长何长川被北方第一高手陈远山刺杀，江湖侠客杨念千里赶来为其复仇。经过层层抽丝剥茧和纠葛，杨念终于知道了陈远山刺杀的因由和背后的使命。在最后两大高手对决时，杨念杀还是不杀…,武侠/功夫/2019/动作/剧情/文艺/美术/格斗,2019,True
33427460,梦想,忘了浪漫，记得你(台),李顺载/鄭永淑/李艺媛/金基天/陈善圭,李昌根 Lee Chang-geun,7.6,爱情,韩语,112,韩国,“你不害怕吗？”75岁的赵南峰和71岁的李梅子是一对老年痴呆夫妻，婚姻迈入第45个年头，这对夫妻的身心越来越靠近彼此，现如今全世界仿佛就只剩下了彼此。虽然每一天的记忆越来越模糊，但这些年为了讨生活而渐渐被遗忘的那些梦想却越来越清晰。,韩国电影/人生/温情/爱情/老年/韩国/2019/剧情,2019,True
33427648,渡你一世安暖,,郭晋东/何欣瑶/李艾瑾/王泽轩/沈照程/唐晓军,余懿,0.0,爱情,汉语普通话,88,中国大陆,富家女沈木兮父母去世，只得在酒吧驻唱补贴家用。富豪季遇白对她一见钟情，被沈木兮拒绝。沈木兮的弟弟被索要巨额赔偿，沈木兮无力偿还，向季遇白求助。季遇白同意帮助沈木兮，但是要沈木兮和他在一起一年，沈木兮忍辱负重答应了要求。季遇白对沈木兮百般照顾，沈木兮渐渐对季遇白产生了好感。麦思明追求沈木兮被拒，不断骚扰沈木兮，季遇白在现场向沈木兮表白，澄清麦思明的诬陷。事后，季遇白却告诉沈木兮他并没有爱上她，他们之间只有契约关系。原来季遇白青梅竹马的女友意外过世让他深受打击，他想在沈木兮身上偿还对前女友的亏欠，而不想承认他对沈木兮产生的感情。经历曲折，季遇白走出了过去的阴霾，两人终于走到了一起,网络电影/烂片/大陆/垃圾/中国/[華語]/2019,2019,True
33426975,头顶太阳永不落,,,,0.0,剧情/喜剧,雅库特语 / 俄语,109,俄罗斯,本片改编自小说《石岬》。主人公阿尔坦因为网瘾和父亲经常有争执，在一次吵架后，被派到了北方工作。他必须一个人在北冰洋荒岛上的狐狸农场呆上一个月。但很快阿尔坦发现在这块荒芜的冻土上，他有一个邻居——一位叫拜巴尔的老人。他来这里度过最后的日子，并请求阿尔坦把他埋在他妻子的坟墓附近。在知道老人有一个失踪的女儿后，阿尔坦说服老人通过社交媒体来寻找他的女儿。这同时推迟了老人的死亡计划。每天，阿尔坦都竭尽全力让拜巴尔满怀期待地活下去......,俄罗斯/暖心/喜剧/2019/感动/人性/梦想/电影,2019,True
33437118,响尾蛇,,吉米·让-刘易斯/杰克·科尔曼/杰·阿克沃内/克里斯蒂安·奥列佛/莱亚·吉斯特德/萝宾·李,,5.0,惊悚,英语,85,美国 / 英国,"Based on Graham Farrow's acclaimed stage-play RATTLESNAKES, award-winning writer/director Julius Amedume's Neo Noir psychological thriller, tells the story of Robert McQueen. McQueen's typical day takes a turn for the worst when he's ambushed by three masked men, who accuse him of sleeping with their wives. He pleads his innocence, but what he does reveal will not only change all of their lives forever - but will it be enough to save his?",剧情/犯罪/惊悚/美国/悬疑/美国电影/2019/莱亚·吉斯特德,2019,True
26825688,姐姐,复仇血天使(台) / 姊姊 / 五六月,李诗英/朴世婉/崔镇浩/李俊赫/李亨哲/金元海,林京泽,6.4,动作/犯罪,韩语,92,韩国,韩国动作片。故事讲述为了寻找失踪的妹妹恩惠（朴世婉 饰）的下落，仁爱（李诗英 饰）逐渐爆发的故事，这是一部带着复仇色彩的动作片。李诗英在片中扮演的仁爱是一名全职保镖，因卷入过度的警卫争议而锒铛入狱，出狱后梦想着和妹妹过平凡的生活，结果妹妹却突然失踪了。学校和警察都不帮忙，仁爱只能自己寻找妹妹。,韩国/复仇/女性/动作/犯罪/2019/美女/社会,2019,True
33429251,水银,,茱迪丝·谢拉/雅各·诺勒/莎迪娅·本太耶布/安托万·夏佩,,0.0,剧情,法语,104,法国,"Juste wanders the streets of Paris looking for people only he can see. He collects their last memory before helping them into the afterlife. One day Agathe, a young woman, recognizes him. She belongs to his previous life. She is alive and he is a ghost. How will they manage to love each other and seize this second chance?",语言法语/爱情/法影/法国/戛纳电影节72th/戛纳电影节/己亥/【影评人周·ACID单元】,2019,True
33428718,歌唱动荡的青春,,谭小雅/张晨/张漪妮/姚程琨/王海舰,杨涧华,0.0,剧情/爱情,汉语普通话,94,中国大陆,电影讲述了几个初涉社会的大学生窘迫、挫败的人生经历，他们中的美女校花为追求歌星之路被富人包养；富二代公子哥因家庭破产自谋生路；校园学霸只能从事送外卖的苦差事……昔日的天之骄子皆成社会底层的草根，他们在冷漠、残酷的现实中不甘沉沦，抚平伤痛，走上艰辛崎岖的创业之路。,青春/爱情/中国大陆/校园/回忆/成长/初恋,2019,True
33428639,匿名使者,,刘畅/王硕/梁喆/乔乔,沈嵘,0.0,动作/悬疑/犯罪,汉语普通话,90,中国大陆,十年前，郭云飞的父亲因为报道一起CZ12文物走私案件而失踪，郭云飞为了查出事件真相，接替成为新一任网络黑客“金手指”。在调查过程中，牵扯出CZ12和丰润集团的关系。丰润集团为了对抗“金手指”入侵，邀请黑客组织“粉碎者联盟”的山猫进行反击。与此同时，警察沈昊也在暗中调查CZ12的真相。警察和黑客，一个在现实搜索证据，一个在网络入侵搜查丰润，来了一场同为正义却一警一匪的较量。虽然在整个过程中沈昊与郭云飞亦敌亦友，却共同揭开了罪犯的丑恶面目。,悬疑/动作/犯罪/网络电影爱奇艺,2019,True
33419615,痴梦芭蕾,芭卡瑞特,马西莉亚·卡尔塔舒/朱奥·米格尔/泽兹塔·马托斯/索娅·利拉/萨米亚·德·拉沃尔/埃德内亚·图蒂/丹博拉·英格丽,阿伦·戴伯通,7.5,剧情,葡萄牙语,98,巴西,影片讲述了一个女人对梦想的追逐。主人公名叫帕卡莱蒂，是一位农民的女儿，出生在塞阿拉州的鲁萨斯。帕卡莱蒂是个疯狂的芭蕾老舞者，多年来，她在福塔莱萨的几所学校里担任古典舞和芭蕾舞教师。但她一直心怀大志，仍想站在聚光灯下、舞台中央。几十年过去了，她觉得福塔莱萨不是她真正的家。退休后，帕卡莱蒂回到了她出生和成长的地方。然而，回到故乡并不意味着直面现实。在鲁萨斯举行建城二百周年聚会的前夜，她决定献上一场芭蕾表演，当作“送给人民”的礼物，但她得到的只有嘲弄。尽管如此，这位曾经的艺术家仍然相信自己。这部振奋人心的作品由1986年柏林银熊奖得主马西莉亚·卡尔塔舒主演，若昂·米格尔、泽齐塔·马托斯和索娅·利拉等演员共同出演。,巴西电影/巴西/芭蕾/siff/P-ShanghaiA入围主竞赛/siff2019/电影/SIFF,2019,True
33418721,陵水谣,,宋禹/伊莲娜·德罗佩科,江流/安德烈·米什金,0.0,剧情,汉语普通话,92,中国大陆 / 俄罗斯,电影《陵水谣》通过讲述二十年前中国青年郑玉杰和俄罗斯女大学生安娜悲欢离合的爱情故事，讴歌了新的国际形势下两国人民血乳交融的友谊，对夯实中俄两国友好的民意基础具有现实意义和历史意义。,爱情/恋爱/情感/大陆电影/内地/亲情,2019,True
33425280,"キスカム！Come on,kiss me again!",,叶山奖之/堀田茜/八木亚里纱/塚本高史/奈绪,松本花奈,0.0,爱情,日语,0,日本,キスのキスによるキスのためのロマンティック・コメディがココに誕生！,松本花奈/日本/堀田茜/叶山奖之/【标签】OIMF/【年代】2010s/【地区】日本,2019,True
33417030,悲惨世界,,让娜·巴利巴尔/达米安·勃纳尔/亚历克西斯·曼蒂,拉吉·利,8.3,剧情,法语,103,法国,刚从瑟堡来的斯蒂芬，加入了巴黎93省圣德尼的“反犯罪特种部队”。在这里，他遇到了新队友克里斯和瓦达，两位经验丰富的警察。但他很快就感受到了这个街区不同帮派间剑拔弩张的紧张氛围。在一次出警的行动中，局面变得不可控制，而这个事件意外地被一架无人机记录下来，进而引发了更为剧烈的冲突。,法国/2019/法国电影/戛纳电影节/剧情/戛纳/种族/戛纳／主竞赛单元,2019,True
33417965,喀布尔的燕子,,西娅姆·阿巴斯/琪塔·昂赫/斯万·阿劳德/西蒙·阿布卡瑞安,扎布·布雷特曼/伊利亚·戈贝-梅维勒克,0.0,动画,,80,法国,讲述了上世纪90年代后期的阿富汗，塔利班与伊斯兰教教法，为小镇带来的恐惧与伤害。,动画/法国/阿富汗/剧情/戛纳电影节/P-CannesB入围一种关注/塔利班/2019,2019,True
33416898,潜艇总动员：外星宝贝计划,,范楚绒/洪海天/李晔/贾邱/胡谦/谭满堂/周南飞/王燕华/王晓彤/徐慧/时佳/赵国卿/严丽祯,申宇/张超,0.0,喜剧/动画/冒险,汉语普通话,77,中国大陆,在海豹镇长和企鹅教授的宣传带领下，海底社会认同了“外星人有害论”的观点。小潜艇阿力偶然遇到来地球游玩却和父母走散的小外星人Wugu，通过了解，阿力发现外星人不但不危险，还很友好。为了帮助Wugu找到父母，阿力和朋友贝贝踏上了冒险的旅程……,动画/烂片/育儿/家庭/励志/2019/中国大陆/大陆动画,2019,True
33416910,汽油贼,诺亚乐园,帕斯卡西奥·洛佩斯,,0.0,剧情,西班牙语,0,墨西哥 / 美国 / 英国 / 西班牙,一次无辜的撞车事件促使14岁的拉洛落入非法开采汽油的犯罪黑社会。最新的智能手机是一条快速发展的道路，也让他陷入一场致命的斗争。,翠贝卡/犯罪/悬疑/墨西哥电影/三星,2019,True
33425864,妄想学生会2 OAD8,妄想学生会2 第24话 / 妄想学生会 第二季 第24话,浅沼晋太郎/日笠阳子/佐藤聪美/矢作纱友里/斋藤千和,金泽洪充,0.0,动画,日语,0,日本,,日本动画/OVA/动画片/アニメ/「动画是真爱。」/f.日本/a.Anime/OVA/SP/OAD,2019,True
33425862,妄想学生会2 OAD7,妄想学生会2 第23话 / 妄想学生会 第二季 第23话,浅沼晋太郎/日笠阳子/佐藤聪美/矢作纱友里/小见川千明/下田麻美/小林优/新井里美/加藤英美里/田村睦心/椎名碧流/斋藤千和/冈咲美保/上坂堇/日野未步/白石稔/安济知佳/利根健太朗,金泽洪充,0.0,动画,日语,27,日本,ep.23 お熱いふたり／アリアのこれなーに??／桜才 The MOVIE／バレー部の広瀬さん,日常/日本动画/日本/OVA/喜剧/爱情/后宫/动画,2019,True
33422580,初恋,,洼田正孝/大森南朋/染谷将太/小西樱子/贝基/村上淳/盐见三省/内野圣阳/三浦贵大,三池崇史,7.9,剧情/动作/爱情,日语,108,日本,据影片制片人透露，该片设定在东京的一晚，一名时运耗尽的拳击名手利奥遇到了他的初恋莫妮卡。莫妮卡是一名吸毒的应召女郎，但她依旧很天真。莫妮卡不知不觉陷入毒品走私计划之中，两人在这晚被腐败的警察、黑帮、利奥的对手以及三合会派来的女杀手追杀。,三池崇史/日本/日本电影/犯罪/2019/染谷将太/爱情/窪田正孝,2019,True
33422561,停止,,,拉夫·迪亚兹,0.0,科幻,,276,菲律宾 / 中国大陆,从公元2034年开始，东南亚在过去三年里一直处于黑暗状态，实际上是因为太阳在2031年因西里伯斯海的大规模火山爆发而没有发光。疯子控制国家，社区，飞地和泡沫城市。灾难性的流行病在整个大陆上空蔓延。数百万人已经死亡，数百万人已经离开。,菲律宾/Lav_Diaz/2019/迪亚兹/P-CannesD入围导演双周/拉夫·迪亚兹/戛纳电影节72th/电影,2019,True
33422595,病态,,纳威尔·佩雷兹·毕斯卡亚特/洛伦索·穆达莱力,阿丽斯·弗尔塔多,0.0,剧情/爱情,葡萄牙语 / 法语,0,巴西 / 法国 / 荷兰,西尔维娅是一个内向的年轻女孩，对家庭和学校的日常生活不感兴趣。但当阿图尔来到她的班级后，一切都突然发生了变化。西尔维娅对这个男孩的活力感到惊讶，但他实际上患有血友病。两人沉浸在激烈而短暂的恋爱中，但阿图尔突然因失血过多而去世。西尔维娅也生病了，眼见她的生活变成了一场奇怪的噩梦。,导演双周/戛纳/巴西/戛纳电影节/剧情/2019戛纳电影节/2019/巴西电影,2019,True
33451118,法医密码,,刘禹/桃子,孙超,0.0,剧情/悬疑/犯罪,汉语普通话,89,中国大陆,东江市公安局法医米小米在一起无名女尸案中，遇到了与姐姐米小佳的自杀有莫大关联的刑警温梓锋。两人的搭档过程中，米小米心有芥蒂，温梓锋却浑然不觉。在这样龃龉的气氛里，案件仍得到了重大突破，确认了尸源就是做过整容手术的网红主播曹越，进而锁定了有重大作案嫌疑的富二代李阳，却苦无证据。米小米通过法医检测，在李阳的木质棒球棍里检测出了血液反应，夯实了铁证。就在李阳自己都认罪之时，温梓锋却怀疑曹越案和三年期另一起整容女尸案有着太多的共同之处，本案背后仍有隐藏的真相。,犯罪/悬疑/编剧烂/中国大陆/2019/烂片/中国电影/大陆,2019,True
33450196,跟我来,,萨姆·哈迪,萨姆·哈迪,0.0,惊悚/恐怖,英语,90,美国 / 英国,"Three British women from London, consisting of a YouTuber and her two friends, go missing from a motel in California while travelling from Los Angeles to San Francisco after posting on social media using the the hashtag #followme.",恐怖惊悚悬疑重口血腥,2019,True
33435943,怪兽之岛,,阿德里安·布薛特,马克·阿特金斯,0.0,动作,英语,90,美国,長眠於地球深處的巨大怪獸逐一甦醒，全球陷入天崩地裂的毀滅危機。人類存亡的最終關鍵，掌握在一名怪獸專家的手中……,科幻/科幻电影/怪兽/美国/2019/3M稀影基地论坛/3M稀影基地/烂片,2019,True
26971645,蓝色生死恋,蓝色生死恋中国版,许凯/赵露思/焦睿/梁婧娴/孟美岐/张檬/何明翰/张秋歌/杨大鹏,王才涛,2.9,爱情,汉语普通话,104,中国大陆,电影《蓝色生死恋》根据经典IP电视剧改编，二十年之后以电影形式重回大众视野，讲述了两个同天出生的女孩儿因无意间被掉包，从而牵连出几位主角间命运的错位和爱情的纠葛的故事。,爱情/蓝色生死恋/烂片/翻拍/2019/浪费钱拍这种垃圾片子，还不拍个共享情妇这种现实主义的片子/中国大陆/恋爱,2019,True
33434995,永恒之光,,夏洛特·甘斯布/碧翠斯·黛尔,加斯帕·诺,0.0,剧情/惊悚,法语,50,法国,两位女演员（夏洛特·甘斯布、碧翠斯·黛尔）讲述女巫的故事。,法国/2019/加斯帕·诺/戛纳/短片/惊悚/实验/法国电影,2019,True
33462338,麦穗黄了,粮道 / 皇粮,果靖霖/颜丹晨/杨新鸣/王大治,周友朝,0.0,剧情,汉语普通话,0,中国大陆,电影《粮道》改编自著名作家秦岭的中篇小说《皇粮》和《借命时代的家乡》，由长影集团、平凉市委、市政府和庄浪县委、县政府三方共同拍摄，作为申报国家“五个一”工程评奖项目，电影《粮道》由国内知名导演、编剧、演员组成实力派班底进行创作。,麦穗黄了/农村/庄浪梯田/电影/中国/cctv6/大陆/2019,2019,True
26968520,乳。房,乳房 / 乳･房,谢毅宏/刘香慈,謝志文,0.0,剧情,汉语普通话,101,中国台湾,片长101分钟,台湾/台灣/臺灣/台湾电影/乳癌/青春奋斗/買房/劇情,2019,True
33458728,洗罪,,孙一明/黄垲翔/高天景/杨棕喆/彭娜齐,海涛,5.9,犯罪,汉语普通话,89,中国大陆,影片讲述了在时局黑暗的民国天津，一名正义的警察郭翀，卷入了天津卫两大势力钱家与三才帮的争斗，并最终找回他护国安民、打击罪恶信仰的故事。,犯罪/警匪/民国风/人性/国产电影/剧情/大陆/国产,2019,True
33457882,这个冬天不太冷,,李飞/刘园园/向北/张坤,张万一,0.0,爱情/战争,汉语普通话,103,中国大陆,本剧以1949年冬，人民解放军徒步穿越塔克拉玛干沙漠，解放南疆和田后，铸剑为犁、屯垦戍边，转隶为新疆生产建设兵团的历程为背景，讲述了年轻战士崔喜邦和田翠萍从相助到相恋，从失散到守望，直至半个世纪后意外重逢的故事。男女主人公跨越半个世纪的相互思念，隐藏沉淀在彼此的心底，在这个冬天，终于悄悄消融。,猎奇,2019,True
33383347,米果的秋天,,黄小宁/刘家王妃/李泽汉/张天禹/钟艺,蓝天,0.0,剧情/儿童,汉语普通话,87,中国大陆,米果的父母是公墓的守墓人，爸爸离开后，妈妈要照顾哺乳期的弟弟，代客上墓的工作就落在了米果身上。因为总替人上坟，米果成了同学讥笑的对象。对上坟的厌恶蔓延了米果对爸爸的思念，于是爸爸送的小羊白雪就成了米果的宝贝。,儿童/成长/剧情/中国/励志/大陆/电影/L2019,2019,True
33385404,猎枭行动,,刘腾远,向涛,0.0,动作,汉语普通话,71,中国大陆,影片讲述了一名中国退伍军人的警察弟弟，在金三角地区追击毒枭团伙的过程中，英勇牺牲。哥哥誓言剿灭毒枭，在犯罪团伙的内地线人的指引下，被骗至大毒枭老巢。经过一番激烈打斗，铁血硬汉式的中国军人最终剿灭了一众毒贩，伸张了正义。,烂片/动作/尴尬/小成本/漏洞百出/假/电影/大陆,2019,True
33379620,大武师,,刘文翰/彭高唱,张天磊,0.0,剧情/动作,汉语普通话,84,中国大陆,民国是武师们最登峰的时代，亦是最悲切的时代。,动作/武打/2019/中国大陆/人心/大陆/历史/中国,2019,True
33387141,啤酒火箭,,周泉/裴晓驰/栾蕾英,韩啸,0.0,喜剧/动画,汉语普通话,67,中国大陆,这是一个青春文艺话唠电影，讲述了十八线男演员张久泽与好友李东洋的生活日常。张久泽是这个城市里千千万万个梦想成为演员的其中一个，现在阶段的他正处在一个对未来没有明确目标迷茫阶段，但是他好像又在等待着什么发生。李东洋则是看上去文质彬彬，有时一本正经有时贱气逼人，他梦想成为一名作家，不过他现在什么也不是。在张久泽的感情、事业、生活上纷纷出现危机的时候，李东洋希望可以帮到张久泽，结果二人总是争吵不断，上演了一连串日常蠢萌故事。,中国/网络电影/文艺/大陆/喜剧/人生/中国大陆/2019,2019,True
33391781,寻车奇遇,拍住上(港) / 双双出击(台),维贾伊·拉齐/阿佩·代沃尔/米蒂拉·帕卡尔,萨钦·亚尔迪,6.1,剧情/喜剧,印地语,100,印度,《寻车奇遇》讲述了一个天资聪颖但缺乏自信的女孩，她在人生的各个阶段处处逃避。她揭开神秘的骗局，从一个喜欢山羊的疯狂孟买歹徒手中找回被偷走的车。在这个过程中，她重拾自信并开始变得阳光开朗。除了因参演 Netflix 剧集《温馨点滴》而征服观众的米蒂拉·帕卡尔，阿佩·代沃尔和维贾伊·拉齐也将出演本片。《寻车奇遇》由 Vineyard Productions 的阿什维尼·亚尔迪担任制片人，萨钦·亚尔迪担任导演。,喜剧/印度/印度电影/剧情/Netflix/2019/孟买/黑色幽默,2019,True
33387303,菜鸟胡莱,,马藜/王泊文/高峰,周军,0.0,剧情/喜剧/犯罪,汉语普通话,92,中国大陆,本片讲述了新片警胡莱处理了一个意外天然气中毒的死亡案件，案件处理中笑料百出，结果还意外破获了一起毒品案，不仅得到了老片警的赞许，而且收获了自己的爱情。,CCTV-6/烂片/犯罪/中国/2019/大陆/喜剧/C6,2019,True
33371987,未解决之女 警视厅文件捜査官～琥珀色信号 2019 SP,,波瑠/泽村一树/工藤阿须加/高田纯次/光石研/远藤宪一/铃木京香/谷原章介/武田真治/中村俊介/小林凉子,田村直己,6.5,剧情/喜剧/犯罪,日语,120,日本,警視庁捜査一課「特命捜査対策室」第6係に所属する熱血刑事・矢代朋 (波瑠)はある日、文字フェチの先輩刑事・鳴海理沙 (鈴木京香)と主任・草加慎司 (遠藤憲一)とともに、京都府警を訪ねる。実は3日前、京都市内で喫茶店経営者・武村勇介（河相我聞）の遺体とともに、「男」という漢字が3つ連なる赤インク文字が発見されるという、異様な事件が発生。奇しくも、5年前には東京都内でもIT業界の人間がふたり相次いで殺され、それぞれの現場に「蟲」と「品」いう赤インク文字が残されていたのだが、いずれも未解決のまま時が流れていたのだ。,日剧SP/波瑠/日剧/铃木京香/谷原章介/SP/泽村一树/远藤宪一,2019,True
26810068,冷血追击,冰天动地(港) / 酷寒杀手(台) / 穷追不舍 / 冰峰追击 / 硬粉,连姆·尼森/劳拉·邓恩/米切尔·理查德森/迈克尔·艾克朗德/布拉德利·斯泰克尔/韦斯利·麦金尼斯/汤姆·巴特曼/多米尼克·隆巴多兹/尼古拉斯·福尔摩斯/吉姆·谢尔德/阿莱克斯·潘诺维奇,汉斯·皮特·莫朗,6.7,剧情/喜剧/动作/犯罪,英语,119,英国 / 挪威 / 加拿大 / 美国 / 法国 / 德国,内尔森（连姆•尼森 饰）是基欧滑雪场的扫雪车司机，身为荣誉市民的他终日勤恳工作，以保证这座宁静小镇交通的顺畅。有天突然传来儿子身亡的消息。为了追查出杀害儿子的真凶，怒火中烧的内尔森不惜以身犯险，卷入重重杀人案，踏上了歼灭贩毒团伙的道路。复仇路上，狂妄冷血的毒枭“海盗哥”、残暴的印第安帮派首脑“白牛”等浮出水面，错综复杂的凶狠敌军、险象环生的黑帮对峙、以及枪林弹雨下的生死大战，一场冤冤相报的血雨腥风席卷了这座雪白安宁的小镇……,黑色幽默/犯罪/复仇/动作/美国/2019/LiamNeeson/英国,2019,True
26995021,赤雪,,永濑正敏/菜叶菜/井浦新/夏川结衣/佐藤浩市/吉泽健/坂本长利/真岛秀和/绀野千春/井本绚子/好井まさお,甲斐さやか,6.1,犯罪,日语,106,日本,雪が降り続く小さな村で1人の少年が忽然と姿を消した。失踪した少年と一緒にいた兄、白川一希（永瀬正敏）の曖昧な記憶に警察の捜査は混乱。そんな中、誘拐監禁殺人の容疑者として捜査線上に江藤早奈江（夏川結衣）が浮かび上がる。ほかに何件もの殺人容疑がかかる中、早奈江は完全黙秘で無罪となる。,日本/日本电影/井浦新/2019/犯罪/永濑正敏/佐藤浩市/电影,2019,True
33414528,刺梦,,曲昱曈/喻大维/高志恒/侍宣如,李南/娄彦儒,0.0,动作/武侠/古装,汉语普通话,75,中国大陆,混乱年代，民不聊生，逸正阁派刺客四处追杀贪官污吏，慕青是逸正阁阁主爵爷最器重的属下，但一次刺杀行动，慕青遇到了善良的九品芝麻官杭知煜，让慕青开始怀疑自己在逸正阁的意义，她选择相信杭知煜，帮他躲避逸正阁的追捕，但事情终还是败露，爵爷派出慕青从小长大的朋友秦昊，刺杀慕青，秦昊为保护慕青而死，死前得知爵爷乃是当朝宰相，而在逸正阁中一直与慕青不和的醉蓝，开始了对慕青和杭知煜的疯狂追杀。,大陆/网络电影/烂片/武侠/搞笑/垃圾/古装/中国,2019,True
33400376,平原上的夏洛克,,徐朝英,徐磊,7.7,剧情,汉语普通话,90,中国大陆,“超英”翻盖老房，“树河”前来帮忙做饭，结果在买菜途中被撞昏迷，肇事司机逃逸。“超英”陷入了矛盾：报警就不能走医保报销了，如果找不到凶手，则需要承担不菲的医疗费。不报警的话，凶手就要逍遥法外，太窝囊了。两难之下，他做出了一个荒诞的决定：先破案，再报警......,FIRST青年电影展/FIRST/中国/2019/农村/喜剧/小人物/徐磊,2019,True
33394819,噬魂剑,,黄军荣/余丽/马永康,李飞,0.0,动作/悬疑/惊悚,汉语普通话,80,中国大陆,清苑境内江湖第一大邪派青月堂突然一夜惨造灭门屠杀，堂主雷烈更是被吸成干尸，引起整个江湖的轰动，江湖传言“魔兵重临，冰魄噬魂；战狂梵天，灭世至尊”都说是魔兵噬魂剑所为。,恐怖/烂片/恐怖电影/神奇/灾难/惊悚/悬疑/古装,2019,True
26999979,长风镇,,宋戴维/刘欣荣/班玛加/卫西谛/罗文卿/陈刚/王致博/陶桃涛/钟乐/刘浩辉/崔楠/江禹葳/王宏伟,王晶,6.3,剧情,汉语普通话,123,中国大陆 / 新加坡,长风镇是中国角落一个不起眼的小镇。居民大多彼此相识，形成自给自足的生态系统。镇上很多东西都是唯一的：电影院、牙医诊所、汽修厂、报社、小学……居民也多有些怪癖和畸零。小人物有各自的故事：无业少年红毛的爱情与家庭、诊所医生与儿子的秘密、电影院售票员彩霞的心事、汽修厂跛脚人喜山的孤独、镇长无所事事的一天。构建出一个被遗忘小镇的风貌。传递散落于日常生活里的诗意，并以影像创作一首关于日常生活的颂歌。,FIRST/2019/王晶/大陆/中国/first主竞赛13/剧情/内地,2019,True
33404143,阿拉拉,,格瑞辰·摩尔/蒂姆·布雷克·尼尔森,,0.0,剧情,英语,92,美国,"When Belo Monte dam displaces an indigenous girl, she must rely on a white man to save her people - although he is the key to their destruction.",巴西/BJIFF,2019,True
26959115,小小乔,,本·卫肖/艾米丽·比查姆/利安娜·贝斯特/菲尼克斯·布罗萨德/基特·康纳/琳赛·邓肯/凯瑞·福克斯/塞巴斯蒂安·胡克/戈兰·卡斯蒂克/大卫·威尔莫特,杰茜卡·豪丝娜,6.4,剧情/科幻,英语,105,奥地利 / 英国 / 德国,爱丽丝，是一个单身母亲，也是一家新品种植物开发公司的高级植物培育员，工作非常勤奋。她设计了一种非常特别的暗红色花朵，不仅外观让人注目，其健康价值更是出众：如果气温合适，营养足够，人们能时常跟它说话，这棵植物就可以让它的所有者开心起来。爱丽丝违反了公司规定，带了一株回家送给自己的青少年儿子，乔。他们给这朵花起名“小小乔”。但随着花朵生长，爱丽丝越来越怀疑“小小乔”也许并不像它的名字那么无邪。,2019/科幻/英国/奥地利/戛纳/BenWhishaw/剧情/本·卫肖,2019,True
34454067,650万吸毒者,,纳维德·穆罕默德扎德,,0.0,剧情/动作/犯罪,波斯语,130,伊朗,"They were just 1 million drug addicts when I started as a police and after all these years, arresting, incarcerating, hanging, now they are 6.5 millions!",伊朗/SaeedRoustaee/P-VeniceB入围逆流/地平线/2019/2010s,2019,True
34453937,顿巴斯边界,,杰拉·梅斯希/叶甫根尼·米赫耶夫/谢尔盖·霍尔莫戈罗夫,列纳特·达夫列吉亚罗夫,0.0,剧情/战争,俄语,96,俄罗斯,,俄罗斯/战争,2019,True
34692065,影武杨家将,,朱晓鹏,何佳男,0.0,喜剧/动作/冒险,汉语普通话,0,中国大陆,本片讲述了尤空、罗静两个生活在21世纪的情侣，阴错阳差来到宋朝， 由于两人的出现，历史偏离了原始轨迹，只有寻得五颗宝石，才能使时空重回正规。雁门关一役，杨六郎身负伤容貌尽毁。被尤空救下后，杨六郎发现此人与自己长相颇为相似。为了对抗潘仁美，杨六郎央求尤空假扮自己。尤、罗二人与杨六郎、柴美荣朝夕相处，产生羁绊，决心助六郎一臂之力。尤空设计引潘仁美入局，不料此计被潘仁美识破，反入潘仁美全套。在躲避追兵的过程中，杨六郎为保护大家竟然牺牲了自己。逃过追兵的尤空，受六郎家国情怀的感召，率领众义士攻打汴梁，并借大将军呼延丕显之力，打败了潘仁美，找到了五颗宝石。历史还是原来的历史！,影武杨家将H/大陆,2019,True
34444394,惊雷传说之无界,有钳任性之妖行七日,陈炳强/张童欢/包小平/杨轶,王子,0.0,爱情/奇幻,汉语普通话,76,中国大陆,影片讲述了古灵精怪的螃蟹精颜如玉（张童欢饰）被迫嫁给样貌丑陋的老牛妖王做小妾，因向往自由想要寻找真爱，利用传说中的“惊雷”方式逃至人界邂逅了冷酷捉妖师云中锦（陈炳强饰）。捉妖师云中锦儿时遭恶妖残害，全家灭门，因此导致性情冷漠、嫉妖如仇。遇到颜如玉后，两人同捉妖、互成长、共患难，百炼钢也化成了绕指柔。从相识相交，到相知相爱，终于“开窍”了的云中锦却得知，强闯“惊雷”之后的颜如玉，只有七日性命，七日之后便会魂飞魄散……,爱情/玄幻/良心制作/大陆/中国,2019,True
34444348,重返恐怖旅社,,,,0.0,科幻/恐怖,英语,83,美国,本片由4个恐怖和科幻故事组成。一个注射类固醇的健美运动员被臭虫咬了，臭虫变异，开始攻击毫无戒心的客人。两个最好的朋友的忠诚度受到考验，他们都渴望从玛丽亚·安托瓦内特的断头台上获得一种魔力，这种魔力使女人变得不可抗拒和美丽。一个隐居的二战水手60多年前把自己锁在汽车旅馆的房间里，至今还没有老，而当一个漂亮的小女孩进入他那与世隔绝的世界时，他的生物钟就开始重新跳动。两个小窃贼偷走了魔术师哈里·胡迪尼的木乃伊手，结果发现这只手想和它的主人团聚。,恐怖/美国电影/科幻/烂片/分段式/3M稀影基地论坛/3M稀影基地,2019,True
26921002,决战异世界,生死鬼蜮,斯科特·阿金斯/安志杰/张玉英/吉丽/阿基·阿莱格/麦克·里德/布拉汉姆·艾克巴赫/狼森/伍玉琪/马铁摩/何文海/秦川,厄尼·巴巴拉什,4.0,动作/科幻,汉语普通话 / 英语,106,中国大陆 / 美国,柯楠为财团大佬效力多年，是其颇为信任的保镖。然而为了与妻子回家乡过安稳日子，他不惜递交辞呈，背上叛徒的罪名。柯楠满心期待与妻子开始新的生活，怎料在一个深夜，妻子被三个穿着长袍的神秘人绑架，他不顾一切想要阻止，但发生在眼前的一连串怪异现象让他无能为力。在城市的另一个角落，格斗专家奎因的爱女离奇失踪，他从三个神秘人手中死里逃生，却不知为何被传送到一个陌生的地方，甚至失去记忆，流落精神病院。在潘医生的帮助下，奎因逐渐找回记忆的碎片，并遇到同样在打探家人下落的柯楠。惊人相似的离奇遭遇和解救亲人的决心，让二人决心联手同行。随着调查不断深入，他们发现这一切竟与外星生命有关，而对方的真实目的，令人胆寒。,动作/科幻/美国/荒诞/2019/电影/斯科特阿金斯/爱奇艺,2019,True
34445676,心之山,,胡建群/倪颂夏/焦雯倩/周三友/田馨,张崇玹/徐飞,0.0,剧情,汉语普通话,104,中国大陆,本故事由真人真事改编，以偏远山区农村为背景，展现九十年代淳朴的民风和当地的一些习俗，及当时年轻人的爱情故事，当感情碰上现实，碰上来自父母的阻拦和种种原因表示，导致一对相爱的年轻人成为陌路人。,爱情/情感/农村/乡村/风景/烂片/大陆电影/中国大陆,2019,True
34679911,白色上的白色,,阿尔佛莱德·卡斯特罗/拉尔斯·鲁道夫,提奥·考特,0.0,剧情,西班牙语 / 英语,0,智利 / 法国 / 德国 / 西班牙,A wedding photographer becomes overly intrigued by a young bride-to-be.,P-VeniceB入围逆流/地平线,2019,True
34678458,大漠悍刀行,,董波/赵帅/笑赫/权友/陈禹铭/李冬果,,0.0,动作/武侠/古装,汉语普通话,77,中国大陆,光绪三十一年，清政府无力攘外，亦无法安内，民不聊生，揭竿而起之事频发，清政府为解此事，秘密训练京城七尸执行暗杀进步人士的任务。追杀郭攘等人途中，因义兴镖局总镖头陈省身插手任务失败。,武侠/中国/普通烂片/网络电影/大陆/烂片/古装/剧情,2019,True
26897048,碧血丹砂,碧血丹心,张家鼎/刘长德/梦秦/刘孜/程前/周小镔/赵冉/于岩琴/候铜江/汪冠辰,司小冬,0.0,爱情/奇幻/武侠,汉语普通话,101,中国大陆,喜爱仡佬文化的摄影爱好者——家鼎来到仡佬之源务川县旅游，在仡佬之乡拍摄创作过程中结识了仡佬族美丽漂亮的导游——梦琴，对仡佬文化的共同爱好让两个年轻人一见如故，在九天母石之下，仡佬族少女讲述了关于丹心的古老传说……,武侠/少数民族题材/民族/文化/大陆/古装/大陆电影/国产,2019,True
26888080,少女地球守护者,少女救地球,玛格丽特·库里/安东尼·麦凯/丹尼·赫斯顿/蒂根·约翰逊,乔纳森·赫尔伯特,4.8,科幻,英语,96,美国,少女科学家珊曼莎是地球经历末世浩劫后的幸存者之一。她并未随着他人弃守家园，反而留在地球，并致力寻找让人类生存下去的方法。,科幻/末日/Netflix/美国/2019/废土/美国电影/剧情,2019,True
34779698,星际流浪,,菊麟/肖轶腾/高梓刚/白超,迟成,3.8,科幻,汉语普通话,0,中国大陆,影片讲述，大灾难纪元，地球沦为废土，幸存者分为流浪者和平民，他们都依附在星际武装集团的统治下，其中游荡者依靠掠夺平民的物资作为生计，使得平民在这恶劣的环境之中艰难生存，百年后黑科技爆炸，带来文明复兴，面对日益恶化的星球，人类为延续种族繁衍，决心星际移民。其中华裔科研人员海雷研制出的“曲率发动机”成为此次星际移民的关键，也是游荡者和星际武装集团抢夺的目标。,科幻/烂片/抄袭/国产电影/烂剧情/爆乳/中国大陆/深V,2019,True
34670069,新龙门客栈番外篇金镶玉,,何欣烛/陆钧彦/宫媛/黎明明,黄羿,0.0,动作/武侠,汉语普通话,0,中国大陆,影片讲述明朝中叶，宦官专权，大太监李进中主持东厂，上挟天子，下令百官，为虎作伥，陷害忠良。他利用从东瀛人北条夜姬处购买来的黑夜彼岸花炼制奇药，并在平民身上实验以达到自己炼制尸兵鬼侍的目的。在一次次实验失败后急需大量彼岸花，便与北条夜姬约定新的交易地点，便是龙门客栈，这次看似平常交易，暗藏了李进中的大阴谋，龙门客栈暗流涌动，四方云扰，风刀霜剑齐聚于此，在江湖掀起一场血雨腥风。,烂片/垃圾/乱/大陆/好看/动作/中国大陆/2019,2019,True
34482589,我们的四十年,,李易祥/鲍振江/金宏/李海超/郑亚龙/曹随风/宋小春/王梦瑶,李易祥/鲍振江/李振伟/霍猛,0.0,剧情/家庭,汉语普通话,94,中国大陆,1978年，鲍振江在开封市戏曲学校学戏毕业，学校的毕业汇演剧目是《包龙图》，就在毕业汇演之前，他最好的朋友金宏腿脚受伤不能上场演出了。40年后，鲍振江、李易祥一起踏上去往美国之路，和当年戏校同学一起在美国时代广场唱起了当年的《包龙图》。,河南/剧情/文艺/家庭/2019/中国大陆/岁月变迁/鲍振江,2019,True
26884354,狮子王,狮子王真狮版 / 狮子王真实版 / 狮子王真人版,唐纳德·格洛弗/阿尔法·伍达德/詹姆斯·厄尔·琼斯/切瓦特·埃加福特/科甘-迈克尔·凯/塞斯·罗根/比利·艾希纳/碧昂丝·诺尔斯/埃里克·安德烈/弗洛伦丝·卡松巴/约翰·卡尼/约翰·奥利弗/艾米·塞德丽丝,乔恩·费儒,7.4,剧情/动画/冒险,英语 / 科萨语,118,美国,非洲大草原上一轮红日冉冉升起，为高大的乞力马扎罗山披上层金色的光纱，所有的动物涌向了同一个地方——荣耀石，兴奋地等待着一个重大消息的宣布：它们的国王木法沙将迎来自己的新生儿。,迪士尼/经典/动画/童年/美国/成长/2019/动物,2019,True
34659789,秘域灵电,,杨添傅,孙新发,0.0,悬疑/惊悚,汉语普通话,70,中国大陆,"单亲家庭的罗子茜高三刚刚毕业，正处于青春叛逆期，时常晚上和一些同学去体验都市夜生活所带来的刺激与潇洒。在新闻的报道空姐遇害事件当天晚上，罗子茜妈妈给罗子茜打无数次电话，罗子茜在酒吧看到妈妈来的电话一直不接听。 女儿一直不接电话，在家焦急的罗子茜妈妈心中很是担心、一直未眠坐，在沙发上等着女儿回家。罗子茜在潇洒过后回到家中，在妈妈的声声质问下，母女俩展开了激烈的争吵。妈妈一气之下动手打了罗子茜，罗子茜在因此离家出走。罗子茜看见了一个神秘的红色亭子，罗子茜在走进电话停的瞬间，突然间电话铃声响起，罗子茜鼓起勇气接起电话，里面传来一个有如天使一般的声音,秘域灵电与罗子茜的内心深处接通了。",小故事合集/中国大陆,2019,True
34659905,傀儡姬·彼岸花,,季晨/鹤男/苑乔,候国涛,0.0,爱情/奇幻,汉语普通话,0,中国大陆,《傀儡姬彼岸花》继承了前作感人至深的人傀虐恋，姬夜辰、偃师师陷入另一场针对他们的阴谋里，经历过生离死别，再次活过来的傀儡姬夜辰苦等数年，痴心不改的偃师师面临的不仅是对双方感情的考验，更是又一次的生离死别。,2019/玄幻/爱情/有点虐但结局还挺好的/网大/悬疑/奇幻/大陆,2019,True
34460625,桂香街,,吕丽萍/句号/牟珈乐,石磊,0.0,剧情,汉语普通话,100,中国大陆,许巧珍的生活里，除了帮助居民们解决家长里短的琐事，她还有一个大目标，就是致力于国家的大运河申遗项目。在春天实习期间，她们共同解决运河两旁的住户、居民家庭贫困等问题，度过了一段十分难忘的时光。 许巧珍直到生命的最后一刻才真正得以休息。春天被她的毅力及精神所感染，在毕业后毅然决定留在桂香街社区，继承着许巧珍未尽的事业... 许巧珍虽然离开了大家，但她一生做过的好事数不胜数，她的音容笑貌和感人事迹，深深地印证在桂花丛中、流淌在生生不息的运河里、更镌刻在桂香街百姓的灵魂深处...,我就是常州人！/政治任务/党员/电影院/大陆/2019/温情/2010s,2019,True
33461037,莫迪总理,,维克·奥贝欧,,0.0,剧情/传记,印地语,136,印度,印度总理谢里·纳伦德拉·莫迪的传记电影。,印度/2010s,2019,True
33476557,极度危机,,李修蒙/张宛庭/鲍鲲/肖雨雨/曹苏苏/王挺/纪永清/孙晨熙/吴雨珏/姜文轩,欧阳黔森/赵浚凯/盛树华,0.0,剧情/战争,汉语普通话,108,中国大陆,中国工农红军二、六军团在长征途中建立“黔大毕”革命根据地，红17师奉命在将军山阻挡敌人，掩护军团进行战略转移。,战争/红色经典/主旋律/爱情/革命,2019,True
26935296,花椒之味,心灵火锅 / 我的爱如此麻辣,郑秀文/赖雅妍/李晓峰/钟镇涛/任贤齐/刘瑞琪/吴彦姝/刘德华,麦曦茵,0.0,剧情,汉语普通话,118,中国香港 / 中国大陆,夏如树（郑秀文饰）有一天突然得知父亲（钟镇涛饰）死讯，并由此发现原来自己在台北、重庆两地各有一个同父异母的妹妹如枝（赖雅妍饰）及如果（李晓峰饰）。来自三个不同地域、性格迥异的三姐妹，在父亲的葬礼上首次碰面，明明陌生却有着血缘的牵绊，同样面对着父母离异的创口与生活的惶惑；如树毅然决定继续经营父亲留下的火锅店，获得重新认识父亲的契机。三姐妹因上一代人的爱恨纠缠，在破碎家庭关系中成长，也因此相遇相知，互相依存，重拾修复关系的勇气，成长创口得以疗愈。,郑秀文/香港电影/香港/2019/许鞍华/家庭/刘德华/赖雅妍,2019,True
26857860,余波,情，敌(台) / 敌人妻(港),亚历山大·斯卡斯加德/凯拉·奈特莉/杰森·克拉克/凯特·菲利普斯/费昂·奥谢/雅尼克·许曼/亚历山大·谢尔/吉姆·海伊/弗雷德里克·普雷斯顿/汤姆·贝尔/克劳迪娅·瓦西科娃,詹姆斯·肯特,6.4,剧情/爱情/战争,英语,108,英国 / 美国 / 德国,凯拉·奈特莉（Keira Knightley）与亚历山大·斯卡斯加德（Alexander Skarsgard）日前准备加盟一部名为《余波》（The Aftermath）的新片，该片由福克斯探照灯公司制作，是一部讲述二战战后故事的文艺片。,战争/爱情/英国/KeiraKnightley/剧情/2019/英国电影/AlexanderSkarsgård,2019,True
33476939,Falaknuma Das,,,,0.0,动作/爱情/惊悚,泰卢固语,150,印度,,印度/2010s,2019,True
33456096,喜盈代村,,黄俊鹏/徐百卉/侯梦莎/朱铁/岳红/郑晓宁/马恩然/赵亮/王政/王岗,孙宏建,0.0,剧情/传记,汉语普通话,116,中国大陆,《喜盈代村》由中央组织部策划发起，省委组织部承接拍摄，木兰文化传媒有限公司、浙江永康嘉兰影业有限公司、北京奥德传媒有限公司、北京致用文化资讯有限公司联合出品。本片是以全国优秀共产党员、全国劳动模范、全国时代楷模、中共十九大代表、山东省临沂市兰陵县代村党支部书记王传喜同志为原型创作拍摄的。通过再现他将一个“穷乱差”的村庄打造成富裕美丽新农村的故事。,好/极力推荐/国产/哈哈/主旋律/传记/纪录片/喜剧,2019,True
